[Licensing::Module] Trying to connect to existing licensing client channel...
Built from '6000.5/staging' branch; Version is '6000.5.10f1 (3bd4f66ad299) revision 3921142'; Using compiler version '194234433'; Build Type 'Release'
[Licensing::IpcConnector] Successfully connected to: "LicenseClient-aestradam014" at "2026-09-20T00:02:23.6749176Z"
OS: 'Windows 10  (10.0.19044) 64bit EnterpriseS' Language: 'es' Physical Memory: 16327 MB
BatchMode: 1, IsHumanControllingUs: 0, StartBugReporterOnCrash: 0, Is64bit: 1
System  architecture: x64
Process architecture: x64
Date: 2026-09-20T00:02:23Z

COMMAND LINE ARGUMENTS:
D:\Program Files\Unity\Hub\Editor\6000.5.10f1\Editor\Unity.exe
-adb2
-batchMode
-noUpm
-name
AssetImportWorkerHW0
-projectPath
D:/aestradam014/Clash of Tanks
-logFile
Logs/AssetImportWorkerHW0.log
-srvPort
49264
-parentPid
14056
-analyticsCloudUserId
anonymous
-analyticsLocalProjectId
33dd6022bbd1f8640a73a286f35f1a05
-editorAnalyticsEnabled
1
-cbmEditorLicense
31fd207ef1a3d795fdd29168e4128b8616aa66ca
-cbmMachineId
3r6aGFbXZEUD5hBEYezgXAOdpT8=
-licensingIpc
LicenseClient-aestradam014
-noDiagnosticSwitchPersistentStore
-job-worker-count
2
-background-job-worker-count
8
-asset-garbage-collectors
1
-force-d3d12
-name
AssetImport
Successfully changed project path to: D:/aestradam014/Clash of Tanks
D:/aestradam014/Clash of Tanks
[UnityMemory] Configuration Parameters - Can be set up in boot.config
    "memorysetup-temp-allocator-size-gi-baking-worker=262144"
    "memorysetup-temp-allocator-size-gi-baking-worker=262144"
    "memorysetup-temp-allocator-size-gi-baking-worker=262144"
    "memorysetup-temp-allocator-size-gi-baking-worker=262144"
    "memorysetup-temp-allocator-size-gi-baking-worker=262144"
    "memorysetup-temp-allocator-size-nav-mesh-worker=65536"
    "memorysetup-temp-allocator-size-audio-worker=65536"
    "memorysetup-temp-allocator-size-cloud-worker=32768"
    "memorysetup-temp-allocator-size-gfx=262144"
    "memorysetup-remapper-allocator-initial-capacity=32768"
    "memorysetup-temp-allocator-size-preload-manager=33554432"
    "memorysetup-allocator-temp-initial-block-size-main=262144"
    "memorysetup-allocator-temp-initial-block-size-worker=262144"
    "memorysetup-temp-allocator-size-job-worker=262144"
    "memorysetup-temp-allocator-size-background-worker=32768"
    "memorysetup-bucket-allocator-granularity=16"
    "memorysetup-bucket-allocator-bucket-count=8"
    "memorysetup-bucket-allocator-block-size=33554432"
    "memorysetup-bucket-allocator-block-count=8"
    "memorysetup-main-allocator-block-size=16777216"
    "memorysetup-thread-allocator-block-size=16777216"
    "memorysetup-main-allocator-mimalloc-enabled=0"
    "memorysetup-gfx-main-allocator-block-size=16777216"
    "memorysetup-gfx-thread-allocator-block-size=16777216"
    "memorysetup-cache-allocator-block-size=4194304"
    "memorysetup-typetree-allocator-block-size=2097152"
    "memorysetup-profiler-bucket-allocator-granularity=16"
    "memorysetup-profiler-bucket-allocator-bucket-count=8"
    "memorysetup-profiler-bucket-allocator-block-size=33554432"
    "memorysetup-profiler-bucket-allocator-block-count=8"
    "memorysetup-profiler-allocator-block-size=16777216"
    "memorysetup-profiler-editor-allocator-block-size=1048576"
    "memorysetup-temp-allocator-size-main=16777216"
    "memorysetup-job-temp-allocator-block-size=2097152"
    "memorysetup-job-temp-allocator-block-size-background=1048576"
    "memorysetup-job-temp-allocator-reduction-small-platforms=262144"
Player connection [17176]  Target information:

Player connection [17176]  * "[IP] 192.168.100.7 [Port] 0 [Flags] 2 [Guid] 289398135 [EditorId] 289398135 [Version] 1048832 [Id] WindowsEditor(7,Alecs) [Debug] 1 [PackageName] WindowsEditor [ProjectName] Editor" 

Player connection [17176]  * "[IP] 172.18.112.1 [Port] 0 [Flags] 2 [Guid] 289398135 [EditorId] 289398135 [Version] 1048832 [Id] WindowsEditor(7,Alecs) [Debug] 1 [PackageName] WindowsEditor [ProjectName] Editor" 

Player connection [17176]  * "[IP] 192.168.56.1 [Port] 0 [Flags] 2 [Guid] 289398135 [EditorId] 289398135 [Version] 1048832 [Id] WindowsEditor(7,Alecs) [Debug] 1 [PackageName] WindowsEditor [ProjectName] Editor" 

Player connection [17176] Host joined multi-casting on [225.0.0.222:54997]...
Player connection [17176] Host joined alternative multi-casting on [225.0.0.222:34997]...
JobSystem: Creating JobQueue using job-worker-count value 2
Input System module state changed to: Initialized.
[Physics::Module] Initialized fallback backend.
[Physics::Module] Id: 0xdecafbad
Library Redirect Path: Library/
[Physics::Module] Selected backend.
[Physics::Module] Name: PhysX
[Physics::Module] Id: 0xf2b8ea05
[Physics::Module] SDK Version: 4.1.2
[Physics::Module] Integration Version: 1.0.0
[Physics::Module] Threading Mode: Multi-Threaded
Refreshing native plugins compatible for Editor in 17.20 ms, found 5 plugins.
Preloading 1 native plugins for Editor in 3.19 ms.
Initialize engine version: 6000.5.10f1 (3bd4f66ad299)
[Subsystems] Discovering subsystems at path D:/Program Files/Unity/Hub/Editor/6000.5.10f1/Editor/Data/Resources/UnitySubsystems
[Subsystems] Discovering subsystems at path D:/aestradam014/Clash of Tanks/Assets
Forcing GfxDevice: Direct3D 12
GfxDevice: creating device client; kGfxThreadingModeNonThreaded
d3d12: failed to query info queue interface (0x80004002).
Direct3D:
    Version:         Direct3D 12 [level 12.1]
    Renderer:        NVIDIA GeForce GT 1030 (ID=0x1d01)
    Vendor:          NVIDIA
    VRAM:            1967 MB
    App VRAM Budget: 1671 MB
    Driver:          32.0.15.8228
Initialize mono
Mono path[0] = 'D:/Program Files/Unity/Hub/Editor/6000.5.10f1/Editor/Data/Managed'
Mono path[1] = 'D:/Program Files/Unity/Hub/Editor/6000.5.10f1/Editor/Data/BCLExtensions/runtime/netstandard2.1'
Mono path[2] = 'D:/Program Files/Unity/Hub/Editor/6000.5.10f1/Editor/Data/MonoBleedingEdge/lib/mono/unityjit-win32'
Mono config path = 'D:/Program Files/Unity/Hub/Editor/6000.5.10f1/Editor/Data/MonoBleedingEdge/etc'
Using monoOptions --debugger-agent=transport=dt_socket,embedding=1,server=y,suspend=n,address=127.0.0.1:56648
CodeReloadManager initialized
Begin MonoManager ReloadAssembly
Registering precompiled unity dll's ...
Register platform support module: D:/Program Files/Unity/Hub/Editor/6000.5.10f1/Editor/Data/PlaybackEngines/WebGLSupport/UnityEditor.WebGL.Extensions.dll
Register platform support module: D:/Program Files/Unity/Hub/Editor/6000.5.10f1/Editor/Data/PlaybackEngines/WindowsStandaloneSupport/UnityEditor.WindowsStandalone.Extensions.dll
Registered in 0.009731 seconds.
[Licensing::Client] Error: HandshakeResponse reported an error:
	ResponseCode: 505
	ResponseStatus: Unsupported protocol version '1.18.3'.
[Licensing::Module] Error: Failed to handshake to channel: "LicenseClient-aestradam014"
[Licensing::IpcConnector] LicenseClient-aestradam014 channel disconnected successfully.
[Licensing::IpcConnector] Successfully connected to: "LicenseClient-aestradam014-6000.5.10" at "2026-09-20T00:02:25.4757328Z"
[Licensing::Client] Code 10 while verifying Licensing Client signature (process Id: 21548, path: "D:/Program Files/Unity/Hub/Editor/6000.5.10f1/Editor/Data/Resources/Licensing/Client/Unity.Licensing.Client.exe")
[Licensing::Module] LicensingClient has failed validation; ignoring
[Licensing::Client] Handshaking with LicensingClient:
  Version:                 1.18.3+d7ffd15
  Session Id:              4919f8da135e46cba49c8dcf7808b2c4
  Correlation Id:          01fb888259143fc6216aa3681d680259
  External correlation Id: 4167906778275157724
  Machine Id:              3r6aGFbXZEUD5hBEYezgXAOdpT8=
[Licensing::Module] Successfully connected to LicensingClient on channel: "LicenseClient-aestradam014-6000.5.10" (connect: 0.00s, validation: 0.00s, handshake: 0.02s)
[Licensing::IpcConnector] Successfully connected to: "LicenseClient-aestradam014-6000.5.10-notifications" at "2026-09-20T00:02:25.4951103Z"
[Licensing::Module] Licensing Background thread has ended after 1.82s
Native extension for WindowsStandalone target not found
Native extension for WebGL target not found
Package Manager log level set to [2]
[Package Manager] Failed to launch server process. Reason: Unity was launched with the -noUpm command-line argument
[Package Manager] Unable to send message (not connected to server process).
[Package Manager] Cannot connect to Unity Package Manager local server
ScheduleIndexationOnStartup MainProcess:False IndexOnStartup:True
Mono: successfully reloaded assembly
- Finished resetting the current domain, in  2.135 seconds
Domain Reload Profiling: 3193ms
	BeginReloadAssembly (291ms)
	RebuildCommonClasses (7ms)
	RebuildNativeTypeToScriptingClass (27ms)
	initialDomainReloadingComplete (171ms)
	LoadAllAssembliesAndSetupDomain (561ms)
		LoadAssemblies (278ms)
		AnalyzeDomain (404ms)
			TypeCache.Refresh (402ms)
				TypeCache.ScanAssembly (377ms)
	FinalizeReload (2137ms)
		SetupLoadedEditorAssemblies (0ms)
			InitializePlatformSupportModulesInManaged (24ms)
			BeforeProcessingInitializeOnLoad (535ms)
			ProcessInitializeOnLoadAttributes (632ms)
			ProcessInitializeOnLoadMethodAttributes (512ms)
Initializing Unity extensions:
[Licensing::Client] Successfully resolved entitlement details
[Licensing::Module] License group:
  Id: F4-2UBE-PX9U-ZMFZ-QQ3W-XXXX
  Product: Unity Personal
  Type: ULF
  Expiration: Unlimited
[Licensing::Module] License group:
  Id: 4674243698606-UnityPersXXXX
  Product: Unity Personal
  Type: Assigned
  Expiration: Unlimited
========================================================================
Worker process is ready to serve import requests
Import Worker Mode flag is 0x00
Begin MonoManager ReloadAssembly
Symbol file LoadedFromMemory is not a mono symbol file
Symbol file LoadedFromMemory is not a mono symbol file
Refreshing native plugins compatible for Editor in 16.95 ms, found 5 plugins.
Native extension for WindowsStandalone target not found
Native extension for WebGL target not found
[Package Manager] Failed to launch server process. Reason: Unity was launched with the -noUpm command-line argument
[Package Manager] Unable to send message (not connected to server process).
[Package Manager] Cannot connect to Unity Package Manager local server
Refreshing native plugins compatible for Editor in 11.86 ms, found 5 plugins.
[Package Manager] Failed to launch server process. Reason: Unity was launched with the -noUpm command-line argument
[Package Manager] Unable to send message (not connected to server process).
[Package Manager] Cannot connect to Unity Package Manager local server
[Licensing::Client] Error: Code 404 while processing request (status: Found 0 entitlement groups and 0 free entitlements matching requested entitlement ids)
[Licensing::Client] Error: Code 404 while processing request (status: Found 0 entitlement groups and 0 free entitlements matching requested entitlement ids)
[Licensing::Client] Error: Code 404 while processing request (status: Found 0 entitlement groups and 0 free entitlements matching requested entitlement ids)
ScheduleIndexationOnStartup MainProcess:False IndexOnStartup:True
Mono: successfully reloaded assembly
- Finished resetting the current domain, in  4.517 seconds
Domain Reload Profiling: 8297ms
	BeginReloadAssembly (664ms)
		DisableScriptedObjects (15ms)
		CreateAndSetChildDomain (53ms)
	RebuildCommonClasses (27ms)
	RebuildNativeTypeToScriptingClass (42ms)
	initialDomainReloadingComplete (369ms)
	LoadAllAssembliesAndSetupDomain (2676ms)
		LoadAssemblies (1730ms)
		AnalyzeDomain (1069ms)
			TypeCache.Refresh (913ms)
				TypeCache.ScanAssembly (871ms)
			BuildScriptInfoCaches (145ms)
			ResolveRequiredComponents (7ms)
	FinalizeReload (4518ms)
		SetupLoadedEditorAssemblies (0ms)
			InitializePlatformSupportModulesInManaged (3ms)
			BeforeProcessingInitializeOnLoad (226ms)
			ProcessInitializeOnLoadAttributes (2512ms)
			ProcessInitializeOnLoadMethodAttributes (518ms)
			AfterProcessingInitializeOnLoad (29ms)
		AwakeInstancesAfterBackupRestoration (13ms)
AcceleratorClientConnectionCallback - disconnected - :0
Launched and connected shader compiler UnityShaderCompiler.exe after 0.02 seconds
Refreshing native plugins compatible for Editor in 9.40 ms, found 5 plugins.
Unloading 65 Unused Serialized files (Serialized files now loaded: 0)
Curl error 3: URL rejected: Malformed input to a URL function
Unloading 10540 unused Assets / (23.6 MB). Loaded Objects now: 11515.
Memory consumption went from 499.5 MB to 475.9 MB.
Total: 34.056500 ms (FindLiveObjects: 1.939900 ms CreateObjectMapping: 4.485100 ms MarkObjects: 18.460300 ms  DeleteObjects: 9.168400 ms)

========================================================================
Received Import Request.
  Time of request: 2026-09-20T00:02:39.9115242Z
  Time since last request: 671267.88205520005431 seconds.
  importAddress: GUID: 5ad7ef1a10016274f8aafce6f5fcd17a - Path: Assets/Assets/Scripts/Visual/PaletaSkins.cs - Importer: ScriptedImporter/UnityEditor.QuickSearchModule:UnityEditor.Search:ASIAI0B
Importing 'GUID: 5ad7ef1a10016274f8aafce6f5fcd17a - Path: Assets/Assets/Scripts/Visual/PaletaSkins.cs - Importer: ScriptedImporter/UnityEditor.QuickSearchModule:UnityEditor.Search:ASIAI0B' with importer (ScriptedImporter : UnityEditor.QuickSearchModule:UnityEditor.Search:ASIAI0B)
Imported 'GUID: 5ad7ef1a10016274f8aafce6f5fcd17a' -> (Import Result ID: '3ff2c3c1ba4e486d623e36204bdf9b5a') in 0.135 seconds [static and dynamic dependencies]. Details - ImportResultOutputID=795c2d3c3dac52cfc621d038062b4003 DependenciesID=e7e1e4aeafa3e02e9c4f8181a1863b3d StaticDependenciesID=7e07df64f0f3f3876d024d446498c213 
Number of updated asset objects reloaded before import = 0
Number of asset objects unloaded after import = 0
========================================================================
Received Import Request.
  Time of request: 2026-09-20T00:02:40.064535Z
  Time since last request: 0.0021044 seconds.
  importAddress: GUID: 435c74f62ab57b448adeeb37cbc0f96b - Path: Assets/StandaloneFileBrowser/Sample - Importer: ScriptedImporter/UnityEditor.QuickSearchModule:UnityEditor.Search:ASIAI0B
Importing 'GUID: 435c74f62ab57b448adeeb37cbc0f96b - Path: Assets/StandaloneFileBrowser/Sample - Importer: ScriptedImporter/UnityEditor.QuickSearchModule:UnityEditor.Search:ASIAI0B' with importer (ScriptedImporter : UnityEditor.QuickSearchModule:UnityEditor.Search:ASIAI0B)
Imported 'GUID: 435c74f62ab57b448adeeb37cbc0f96b' -> (Import Result ID: '713e55f0871810aef117a430ad63e10e') in 0.007 seconds [static and dynamic dependencies]. Details - ImportResultOutputID=c5bf5d0a148922307e9684916d21eb29 DependenciesID=82898d00a48362adbf0ab93b0462f4f3 StaticDependenciesID=d84c0bd7b2eda04c507c6360d8d50438 
Number of updated asset objects reloaded before import = 0
Number of asset objects unloaded after import = 1
========================================================================
Received Import Request.
  Time of request: 2026-09-20T00:02:40.087736Z
  Time since last request: 0.0020849 seconds.
  importAddress: GUID: b8c465928f1784a3fac8dc3766f7201c - Path: Assets/StandaloneFileBrowser/Plugins/Linux/x86_64/libStandaloneFileBrowser.so - Importer: ScriptedImporter/UnityEditor.QuickSearchModule:UnityEditor.Search:ASIAI0B
Importing 'GUID: b8c465928f1784a3fac8dc3766f7201c - Path: Assets/StandaloneFileBrowser/Plugins/Linux/x86_64/libStandaloneFileBrowser.so - Importer: ScriptedImporter/UnityEditor.QuickSearchModule:UnityEditor.Search:ASIAI0B' with importer (ScriptedImporter : UnityEditor.QuickSearchModule:UnityEditor.Search:ASIAI0B)
Imported 'GUID: b8c465928f1784a3fac8dc3766f7201c' -> (Import Result ID: 'e091b0efd1b993aaaf2c58be19b1d5fc') in 0.024 seconds [static and dynamic dependencies]. Details - ImportResultOutputID=ff4e682edc624ac827aa3deb546911a6 DependenciesID=02bd687746dda82c8058121509df342d StaticDependenciesID=6d24dd38046c4e81a107962cf7573f1d 
Number of updated asset objects reloaded before import = 0
Number of asset objects unloaded after import = 0
========================================================================
Received Import Request.
  Time of request: 2026-09-20T00:02:40.1274251Z
  Time since last request: 0.0021744 seconds.
  importAddress: GUID: 5148400295519405d82bb0fa65246ea2 - Path: Assets/StandaloneFileBrowser/Sample/BasicSample.cs - Importer: ScriptedImporter/UnityEditor.QuickSearchModule:UnityEditor.Search:ASIAI0B
Importing 'GUID: 5148400295519405d82bb0fa65246ea2 - Path: Assets/StandaloneFileBrowser/Sample/BasicSample.cs - Importer: ScriptedImporter/UnityEditor.QuickSearchModule:UnityEditor.Search:ASIAI0B' with importer (ScriptedImporter : UnityEditor.QuickSearchModule:UnityEditor.Search:ASIAI0B)
Imported 'GUID: 5148400295519405d82bb0fa65246ea2' -> (Import Result ID: '7c8fd11c09d13b8e9333ce3c4b9d5833') in 0.007 seconds [static and dynamic dependencies]. Details - ImportResultOutputID=25253cb901bbdbcfb7b1b3c1efd722ca DependenciesID=9c6750b0bf6e52d91b93a634050af690 StaticDependenciesID=62cedafc7b24a2effb02602290ab6542 
Number of updated asset objects reloaded before import = 0
Number of asset objects unloaded after import = 0
========================================================================
Received Import Request.
  Time of request: 2026-09-20T00:02:40.1501715Z
  Time since last request: 0.0030066 seconds.
  importAddress: GUID: c0e4eec5741834194a946535d535405c - Path: Assets/StandaloneFileBrowser/Sample/CanvasSampleScene.unity - Importer: ScriptedImporter/UnityEditor.QuickSearchModule:UnityEditor.Search:ASIAI0B
Importing 'GUID: c0e4eec5741834194a946535d535405c - Path: Assets/StandaloneFileBrowser/Sample/CanvasSampleScene.unity - Importer: ScriptedImporter/UnityEditor.QuickSearchModule:UnityEditor.Search:ASIAI0B' with importer (ScriptedImporter : UnityEditor.QuickSearchModule:UnityEditor.Search:ASIAI0B)
Imported 'GUID: c0e4eec5741834194a946535d535405c' -> (Import Result ID: 'dd4225cdc683ff7491775072c27176bd') in 0.017 seconds [static and dynamic dependencies]. Details - ImportResultOutputID=cd7900d72e2e313bad3e06b72115beac DependenciesID=de4fda08d9b0186341108ffe1834bed8 StaticDependenciesID=cd59d068ffea477ea676553bd0942556 
Number of updated asset objects reloaded before import = 0
Number of asset objects unloaded after import = 1
========================================================================
Received Import Request.
  Time of request: 2026-09-20T00:02:40.1825687Z
  Time since last request: 0.0021072 seconds.
  importAddress: GUID: 110fdfb459db4fc448a2ccd37e200fa4 - Path: Assets/StandaloneFileBrowser/Plugins/StandaloneFileBrowser.bundle - Importer: ScriptedImporter/UnityEditor.QuickSearchModule:UnityEditor.Search:ASIAI0B
Importing 'GUID: 110fdfb459db4fc448a2ccd37e200fa4 - Path: Assets/StandaloneFileBrowser/Plugins/StandaloneFileBrowser.bundle - Importer: ScriptedImporter/UnityEditor.QuickSearchModule:UnityEditor.Search:ASIAI0B' with importer (ScriptedImporter : UnityEditor.QuickSearchModule:UnityEditor.Search:ASIAI0B)
Imported 'GUID: 110fdfb459db4fc448a2ccd37e200fa4' -> (Import Result ID: '6c97f0433a365cdc65c30ef2e41ad8e0') in 0.009 seconds [static and dynamic dependencies]. Details - ImportResultOutputID=dbc0c048f5da5b3bb14f70c4a8be5916 DependenciesID=e71de9c5fc87ba3ae3d42aa1b4757144 StaticDependenciesID=cfb25c1f12c515ffea359eb8b0cf2be2 
Number of updated asset objects reloaded before import = 0
Number of asset objects unloaded after import = 0
========================================================================
Received Import Request.
  Time of request: 2026-09-20T00:02:40.2054735Z
  Time since last request: 0.0012647 seconds.
  importAddress: GUID: 7609f7b6787a54496aa41a3053fcc76a - Path: Assets/StandaloneFileBrowser/IStandaloneFileBrowser.cs - Importer: ScriptedImporter/UnityEditor.QuickSearchModule:UnityEditor.Search:ASIAI0B
Importing 'GUID: 7609f7b6787a54496aa41a3053fcc76a - Path: Assets/StandaloneFileBrowser/IStandaloneFileBrowser.cs - Importer: ScriptedImporter/UnityEditor.QuickSearchModule:UnityEditor.Search:ASIAI0B' with importer (ScriptedImporter : UnityEditor.QuickSearchModule:UnityEditor.Search:ASIAI0B)
Imported 'GUID: 7609f7b6787a54496aa41a3053fcc76a' -> (Import Result ID: '086df9d07320640c36aa84f94aa3e364') in 0.006 seconds [static and dynamic dependencies]. Details - ImportResultOutputID=5108cfd37b65ff1faed4b24d5b964440 DependenciesID=64e1576389e81db6488f74725ace32ee StaticDependenciesID=fbcdb728c912a5875af3fccb087145e1 
Number of updated asset objects reloaded before import = 0
Number of asset objects unloaded after import = 0
========================================================================
Received Import Request.
  Time of request: 2026-09-20T00:02:40.2259455Z
  Time since last request: 0.0020329 seconds.
  importAddress: GUID: 82666e520ab4d4cf08bebbb8059cd6f4 - Path: Assets/StandaloneFileBrowser/Plugins/Linux - Importer: ScriptedImporter/UnityEditor.QuickSearchModule:UnityEditor.Search:ASIAI0B
Importing 'GUID: 82666e520ab4d4cf08bebbb8059cd6f4 - Path: Assets/StandaloneFileBrowser/Plugins/Linux - Importer: ScriptedImporter/UnityEditor.QuickSearchModule:UnityEditor.Search:ASIAI0B' with importer (ScriptedImporter : UnityEditor.QuickSearchModule:UnityEditor.Search:ASIAI0B)
Imported 'GUID: 82666e520ab4d4cf08bebbb8059cd6f4' -> (Import Result ID: 'f1537f7af0d8bca1db9cde0136972309') in 0.006 seconds [static and dynamic dependencies]. Details - ImportResultOutputID=8707470c2f0aa8bc51c1f654c8029f89 DependenciesID=f819855c2cacd43e1633c16fa84beb33 StaticDependenciesID=d2cc5217b1e8ba319eb23293b995abbe 
Number of updated asset objects reloaded before import = 0
Number of asset objects unloaded after import = 1
========================================================================
Received Import Request.
  Time of request: 2026-09-20T00:02:40.2463402Z
  Time since last request: 0.0013596 seconds.
  importAddress: GUID: ddc4e7b83981f244ba9a26b88c18cb67 - Path: Assets/StandaloneFileBrowser/Plugins - Importer: ScriptedImporter/UnityEditor.QuickSearchModule:UnityEditor.Search:ASIAI0B
Importing 'GUID: ddc4e7b83981f244ba9a26b88c18cb67 - Path: Assets/StandaloneFileBrowser/Plugins - Importer: ScriptedImporter/UnityEditor.QuickSearchModule:UnityEditor.Search:ASIAI0B' with importer (ScriptedImporter : UnityEditor.QuickSearchModule:UnityEditor.Search:ASIAI0B)
Imported 'GUID: ddc4e7b83981f244ba9a26b88c18cb67' -> (Import Result ID: '42518005a0db2591183535a46458fe63') in 0.006 seconds [static and dynamic dependencies]. Details - ImportResultOutputID=aa2a3c214e6af64aa672088d27c93125 DependenciesID=f3fb09c9007857eed73120e7b386553a StaticDependenciesID=fb05260dd201a04412e383cfaa2e8b29 
Number of updated asset objects reloaded before import = 0
Number of asset objects unloaded after import = 1
========================================================================
Received Import Request.
  Time of request: 2026-09-20T00:02:40.2698863Z
  Time since last request: 0.0040672 seconds.
  importAddress: GUID: eb31d69db5e2c374d8a224a0252b9ace - Path: Assets/Assets/Scripts/Gameplay/GameManager.cs - Importer: ScriptedImporter/UnityEditor.QuickSearchModule:UnityEditor.Search:ASIAI0B
Importing 'GUID: eb31d69db5e2c374d8a224a0252b9ace - Path: Assets/Assets/Scripts/Gameplay/GameManager.cs - Importer: ScriptedImporter/UnityEditor.QuickSearchModule:UnityEditor.Search:ASIAI0B' with importer (ScriptedImporter : UnityEditor.QuickSearchModule:UnityEditor.Search:ASIAI0B)
Imported 'GUID: eb31d69db5e2c374d8a224a0252b9ace' -> (Import Result ID: '687645e60e117e203005234ce19e3843') in 0.008 seconds [static and dynamic dependencies]. Details - ImportResultOutputID=bb81aadb8097ef51a1ed4e9630da6f22 DependenciesID=92ab95c04955a86155313b5bbd4979d6 StaticDependenciesID=559cff658c8ab6b1a79557a11dd988ef 
Number of updated asset objects reloaded before import = 0
Number of asset objects unloaded after import = 0
========================================================================
Received Import Request.
  Time of request: 2026-09-20T00:02:40.3146986Z
  Time since last request: 0.0213192 seconds.
  importAddress: GUID: 7dded206c36fbe64da850c805cf782bb - Path: Assets/Assets/Scripts/UI/PantallaProgramacionTanques.cs - Importer: ScriptedImporter/UnityEditor.QuickSearchModule:UnityEditor.Search:ASIAI0B
Importing 'GUID: 7dded206c36fbe64da850c805cf782bb - Path: Assets/Assets/Scripts/UI/PantallaProgramacionTanques.cs - Importer: ScriptedImporter/UnityEditor.QuickSearchModule:UnityEditor.Search:ASIAI0B' with importer (ScriptedImporter : UnityEditor.QuickSearchModule:UnityEditor.Search:ASIAI0B)
Imported 'GUID: 7dded206c36fbe64da850c805cf782bb' -> (Import Result ID: '8328c63147143d79902a7c285c24ab84') in 0.014 seconds [static and dynamic dependencies]. Details - ImportResultOutputID=d379ec2c1fc8e070b311be050d2653b6 DependenciesID=d50b5ce69053dc35703574f00bb94a05 StaticDependenciesID=de0744bca251df567b0207e8a98fbf58 
Number of updated asset objects reloaded before import = 0
Number of asset objects unloaded after import = 0
========================================================================
Received Import Request.
  Time of request: 2026-09-20T00:02:40.3599304Z
  Time since last request: 0.001768 seconds.
  importAddress: GUID: d97280fe82b874466870f709c3315d41 - Path: Assets/StandaloneFileBrowser/Sample/BasicSampleScene.unity - Importer: ScriptedImporter/UnityEditor.QuickSearchModule:UnityEditor.Search:ASIAI0B
Importing 'GUID: d97280fe82b874466870f709c3315d41 - Path: Assets/StandaloneFileBrowser/Sample/BasicSampleScene.unity - Importer: ScriptedImporter/UnityEditor.QuickSearchModule:UnityEditor.Search:ASIAI0B' with importer (ScriptedImporter : UnityEditor.QuickSearchModule:UnityEditor.Search:ASIAI0B)
Imported 'GUID: d97280fe82b874466870f709c3315d41' -> (Import Result ID: 'cc9edc6e50d4633a60c45ba0b0e04a50') in 0.016 seconds [static and dynamic dependencies]. Details - ImportResultOutputID=af629be0bcbda804f9f6e6c51eeb9135 DependenciesID=7a002bff5c6c4dbb8827df25e1f021f5 StaticDependenciesID=1f869c46ab9e19356e12d5b1afa5690f 
Number of updated asset objects reloaded before import = 0
Number of asset objects unloaded after import = 1
========================================================================
Received Import Request.
  Time of request: 2026-09-20T00:02:40.3938428Z
  Time since last request: 0.0015119 seconds.
  importAddress: GUID: 331c95b7bf39e4792acecff50a972040 - Path: Assets/StandaloneFileBrowser/Sample/CanvasSampleOpenFileImage.cs - Importer: ScriptedImporter/UnityEditor.QuickSearchModule:UnityEditor.Search:ASIAI0B
Importing 'GUID: 331c95b7bf39e4792acecff50a972040 - Path: Assets/StandaloneFileBrowser/Sample/CanvasSampleOpenFileImage.cs - Importer: ScriptedImporter/UnityEditor.QuickSearchModule:UnityEditor.Search:ASIAI0B' with importer (ScriptedImporter : UnityEditor.QuickSearchModule:UnityEditor.Search:ASIAI0B)
Imported 'GUID: 331c95b7bf39e4792acecff50a972040' -> (Import Result ID: '0791dddedb2af687eeb1e72a5ddc426c') in 0.010 seconds [static and dynamic dependencies]. Details - ImportResultOutputID=ad3723ac08e65101ecaa11551de7c7bf DependenciesID=fb899d131685c0dde135fec234942e13 StaticDependenciesID=2975235a313dd8f50f62262e2a12f3ce 
Number of updated asset objects reloaded before import = 0
Number of asset objects unloaded after import = 0
========================================================================
Received Import Request.
  Time of request: 2026-09-20T00:02:40.4320231Z
  Time since last request: 0.0013527 seconds.
  importAddress: GUID: 281d28dcef277594e9a77a34ffdf80ba - Path: Assets/Assets/Scripts/UI/MenuPrincipal.cs - Importer: ScriptedImporter/UnityEditor.QuickSearchModule:UnityEditor.Search:ASIAI0B
Importing 'GUID: 281d28dcef277594e9a77a34ffdf80ba - Path: Assets/Assets/Scripts/UI/MenuPrincipal.cs - Importer: ScriptedImporter/UnityEditor.QuickSearchModule:UnityEditor.Search:ASIAI0B' with importer (ScriptedImporter : UnityEditor.QuickSearchModule:UnityEditor.Search:ASIAI0B)
Imported 'GUID: 281d28dcef277594e9a77a34ffdf80ba' -> (Import Result ID: '6b231ac716a863d4375a0bae4f0df63d') in 0.018 seconds [static and dynamic dependencies]. Details - ImportResultOutputID=adbe0c5ad04dffdb50eb0221666431b7 DependenciesID=5aca143c020b45a9197255000476a393 StaticDependenciesID=f7be13bd42ef6c972c67fd481e828bb9 
Number of updated asset objects reloaded before import = 0
Number of asset objects unloaded after import = 0
========================================================================
Received Import Request.
  Time of request: 2026-09-20T00:02:40.5020115Z
  Time since last request: 0.001396 seconds.
  importAddress: GUID: 57e25b4a578dba94c9353f4633b20549 - Path: Assets/StandaloneFileBrowser - Importer: ScriptedImporter/UnityEditor.QuickSearchModule:UnityEditor.Search:ASIAI0B
Importing 'GUID: 57e25b4a578dba94c9353f4633b20549 - Path: Assets/StandaloneFileBrowser - Importer: ScriptedImporter/UnityEditor.QuickSearchModule:UnityEditor.Search:ASIAI0B' with importer (ScriptedImporter : UnityEditor.QuickSearchModule:UnityEditor.Search:ASIAI0B)
Imported 'GUID: 57e25b4a578dba94c9353f4633b20549' -> (Import Result ID: 'f49ea0b4f6542d430bb8ab5943a383e6') in 0.005 seconds [static and dynamic dependencies]. Details - ImportResultOutputID=9b511dbaefe5b30e813c452a725a928a DependenciesID=3b509dec3c89882f01c4da1de44dd3e7 StaticDependenciesID=0cc3082057d29ac18ddb314471a8ee33 
Number of updated asset objects reloaded before import = 0
Number of asset objects unloaded after import = 1
========================================================================
Received Import Request.
  Time of request: 2026-09-20T00:02:40.5222868Z
  Time since last request: 0.0019384 seconds.
  importAddress: GUID: e449089f2ca938342b4132b7b7c817c8 - Path: Assets/Scenes/MenuPrincipal.unity - Importer: ScriptedImporter/UnityEditor.QuickSearchModule:UnityEditor.Search:ASIAI0B
Importing 'GUID: e449089f2ca938342b4132b7b7c817c8 - Path: Assets/Scenes/MenuPrincipal.unity - Importer: ScriptedImporter/UnityEditor.QuickSearchModule:UnityEditor.Search:ASIAI0B' with importer (ScriptedImporter : UnityEditor.QuickSearchModule:UnityEditor.Search:ASIAI0B)
Imported 'GUID: e449089f2ca938342b4132b7b7c817c8' -> (Import Result ID: '2157ccdf0beeaf042eff1b91d10a8e98') in 0.008 seconds [static and dynamic dependencies]. Details - ImportResultOutputID=6246a3cade5587e5772bd4bd38651456 DependenciesID=8bc062d72e8d922ec3bbdb68058af1d2 StaticDependenciesID=241289ea35ab3462db47cc70231ab6e2 
Number of updated asset objects reloaded before import = 0
Number of asset objects unloaded after import = 1
========================================================================
Received Import Request.
  Time of request: 2026-09-20T00:02:40.5449121Z
  Time since last request: 0.0015423 seconds.
  importAddress: GUID: 50ca0e1b0f67fc743aba00bec60b9c8e - Path: Assets/Assets/Scripts/UI/TanqueSkinDatos.cs - Importer: ScriptedImporter/UnityEditor.QuickSearchModule:UnityEditor.Search:ASIAI0B
Importing 'GUID: 50ca0e1b0f67fc743aba00bec60b9c8e - Path: Assets/Assets/Scripts/UI/TanqueSkinDatos.cs - Importer: ScriptedImporter/UnityEditor.QuickSearchModule:UnityEditor.Search:ASIAI0B' with importer (ScriptedImporter : UnityEditor.QuickSearchModule:UnityEditor.Search:ASIAI0B)
Imported 'GUID: 50ca0e1b0f67fc743aba00bec60b9c8e' -> (Import Result ID: '1761e1a3d1573cc311d8840025a39071') in 0.007 seconds [static and dynamic dependencies]. Details - ImportResultOutputID=9fe5af0d7e503628fc24e9315b49f8d1 DependenciesID=f29a4a0a2fdd6eb575bfda5576d3b1e0 StaticDependenciesID=f82db47ac85add78b38a2f61d3459b01 
Number of updated asset objects reloaded before import = 0
Number of asset objects unloaded after import = 0
========================================================================
Received Import Request.
  Time of request: 2026-09-20T00:02:40.5668062Z
  Time since last request: 0.0018491 seconds.
  importAddress: GUID: 7d459a96865cc4aaab657012c6dc4833 - Path: Assets/StandaloneFileBrowser/Plugins/System.Windows.Forms.dll - Importer: ScriptedImporter/UnityEditor.QuickSearchModule:UnityEditor.Search:ASIAI0B
Importing 'GUID: 7d459a96865cc4aaab657012c6dc4833 - Path: Assets/StandaloneFileBrowser/Plugins/System.Windows.Forms.dll - Importer: ScriptedImporter/UnityEditor.QuickSearchModule:UnityEditor.Search:ASIAI0B' with importer (ScriptedImporter : UnityEditor.QuickSearchModule:UnityEditor.Search:ASIAI0B)
Imported 'GUID: 7d459a96865cc4aaab657012c6dc4833' -> (Import Result ID: '8f93fdd5c0ee6938148acfb55382a33a') in 0.007 seconds [static and dynamic dependencies]. Details - ImportResultOutputID=957a491b702af32302108f11aeba6515 DependenciesID=9bcdd3524204feaf1733785910292a64 StaticDependenciesID=2bb019f641626d02a0546290cd833ded 
Number of updated asset objects reloaded before import = 0
Number of asset objects unloaded after import = 0
========================================================================
Received Import Request.
  Time of request: 2026-09-20T00:02:40.5913118Z
  Time since last request: 0.0018556 seconds.
  importAddress: GUID: 2650af8de2cda46b99b1bc7cf5d30ca5 - Path: Assets/StandaloneFileBrowser/StandaloneFileBrowserEditor.cs - Importer: ScriptedImporter/UnityEditor.QuickSearchModule:UnityEditor.Search:ASIAI0B
Importing 'GUID: 2650af8de2cda46b99b1bc7cf5d30ca5 - Path: Assets/StandaloneFileBrowser/StandaloneFileBrowserEditor.cs - Importer: ScriptedImporter/UnityEditor.QuickSearchModule:UnityEditor.Search:ASIAI0B' with importer (ScriptedImporter : UnityEditor.QuickSearchModule:UnityEditor.Search:ASIAI0B)
Imported 'GUID: 2650af8de2cda46b99b1bc7cf5d30ca5' -> (Import Result ID: 'a33bff29ba54c4a5cd14efab1784f04a') in 0.006 seconds [static and dynamic dependencies]. Details - ImportResultOutputID=c7e7920aed23a5cbdbcb0c7ee96de6e5 DependenciesID=662a200855e3a2562db001b565512796 StaticDependenciesID=3f2599c83473c539f620f9bfd0a7db13 
Number of updated asset objects reloaded before import = 0
Number of asset objects unloaded after import = 0
========================================================================
Received Import Request.
  Time of request: 2026-09-20T00:02:40.6117729Z
  Time since last request: 0.0014813 seconds.
  importAddress: GUID: b29cf0554b303d9408e910a61a408839 - Path: Assets/Assets/Scripts/Visual/BoardView.cs - Importer: ScriptedImporter/UnityEditor.QuickSearchModule:UnityEditor.Search:ASIAI0B
Importing 'GUID: b29cf0554b303d9408e910a61a408839 - Path: Assets/Assets/Scripts/Visual/BoardView.cs - Importer: ScriptedImporter/UnityEditor.QuickSearchModule:UnityEditor.Search:ASIAI0B' with importer (ScriptedImporter : UnityEditor.QuickSearchModule:UnityEditor.Search:ASIAI0B)
Imported 'GUID: b29cf0554b303d9408e910a61a408839' -> (Import Result ID: 'b9ec87bc3b5f098bd3325b50ea18dbf2') in 0.007 seconds [static and dynamic dependencies]. Details - ImportResultOutputID=af7a61169d1c652043e1c52a74663f19 DependenciesID=60a5820d242390a2022052531aa88eaf StaticDependenciesID=db52821d830b376fcff089e073294e60 
Number of updated asset objects reloaded before import = 0
Number of asset objects unloaded after import = 0
========================================================================
Received Import Request.
  Time of request: 2026-09-20T00:02:40.6328117Z
  Time since last request: 0.0014405 seconds.
  importAddress: GUID: bd198408642944765b9305bd99404136 - Path: Assets/StandaloneFileBrowser/Plugins/Linux/x86_64 - Importer: ScriptedImporter/UnityEditor.QuickSearchModule:UnityEditor.Search:ASIAI0B
Importing 'GUID: bd198408642944765b9305bd99404136 - Path: Assets/StandaloneFileBrowser/Plugins/Linux/x86_64 - Importer: ScriptedImporter/UnityEditor.QuickSearchModule:UnityEditor.Search:ASIAI0B' with importer (ScriptedImporter : UnityEditor.QuickSearchModule:UnityEditor.Search:ASIAI0B)
Imported 'GUID: bd198408642944765b9305bd99404136' -> (Import Result ID: '2225c787f4bf540895d62c5c802513a4') in 0.006 seconds [static and dynamic dependencies]. Details - ImportResultOutputID=b91fd512fd9158689244f08777e4cf6d DependenciesID=c1b7347c26d188fa5eb7eea48dd49583 StaticDependenciesID=a9010d1abfdd016f37066db235ee928c 
Number of updated asset objects reloaded before import = 0
Number of asset objects unloaded after import = 1
========================================================================
Received Import Request.
  Time of request: 2026-09-20T00:02:40.6541239Z
  Time since last request: 0.0013239 seconds.
  importAddress: GUID: 8e97f52f0bd664ee78305dae0094a755 - Path: Assets/StandaloneFileBrowser/Sample/CanvasSampleSaveFileText.cs - Importer: ScriptedImporter/UnityEditor.QuickSearchModule:UnityEditor.Search:ASIAI0B
Importing 'GUID: 8e97f52f0bd664ee78305dae0094a755 - Path: Assets/StandaloneFileBrowser/Sample/CanvasSampleSaveFileText.cs - Importer: ScriptedImporter/UnityEditor.QuickSearchModule:UnityEditor.Search:ASIAI0B' with importer (ScriptedImporter : UnityEditor.QuickSearchModule:UnityEditor.Search:ASIAI0B)
Imported 'GUID: 8e97f52f0bd664ee78305dae0094a755' -> (Import Result ID: 'a31c54d9e2196c35cd92fba3e54a9d2b') in 0.010 seconds [static and dynamic dependencies]. Details - ImportResultOutputID=d0a3e99228814ec3c24d0e6316335839 DependenciesID=9e0160b5d27e93358a07fd8a2289d8b9 StaticDependenciesID=1b65a7feb63bd3cbf567f2c1e1119957 
Number of updated asset objects reloaded before import = 0
Number of asset objects unloaded after import = 0
========================================================================
Received Import Request.
  Time of request: 2026-09-20T00:02:40.6796215Z
  Time since last request: 0.0009598 seconds.
  importAddress: GUID: a073bfb078b0fd5438f42f5fe046a57e - Path: Assets/Scenes/Juego.unity - Importer: ScriptedImporter/UnityEditor.QuickSearchModule:UnityEditor.Search:ASIAI0B
Importing 'GUID: a073bfb078b0fd5438f42f5fe046a57e - Path: Assets/Scenes/Juego.unity - Importer: ScriptedImporter/UnityEditor.QuickSearchModule:UnityEditor.Search:ASIAI0B' with importer (ScriptedImporter : UnityEditor.QuickSearchModule:UnityEditor.Search:ASIAI0B)
Imported 'GUID: a073bfb078b0fd5438f42f5fe046a57e' -> (Import Result ID: '4e18a8607648036f392761bc098d82fa') in 0.020 seconds [static and dynamic dependencies]. Details - ImportResultOutputID=8c40b78a21a5c281d76c571da89c1386 DependenciesID=a0cebc0546cac0521b48f7bf48a5fb3e StaticDependenciesID=3e385cdd72a52b50d03de7dcd54f8b3a 
Number of updated asset objects reloaded before import = 0
Number of asset objects unloaded after import = 1
========================================================================
Received Import Request.
  Time of request: 2026-09-20T00:02:40.7196381Z
  Time since last request: 0.0018524 seconds.
  importAddress: GUID: f3b61d14439ec5a458794d22c04bea13 - Path: Assets/Assets/Scripts/UI/eb588734-e02e-43bf-851b-b3235716827c.jpg - Importer: ScriptedImporter/UnityEditor.QuickSearchModule:UnityEditor.Search:ASIAI0B
Importing 'GUID: f3b61d14439ec5a458794d22c04bea13 - Path: Assets/Assets/Scripts/UI/eb588734-e02e-43bf-851b-b3235716827c.jpg - Importer: ScriptedImporter/UnityEditor.QuickSearchModule:UnityEditor.Search:ASIAI0B' with importer (ScriptedImporter : UnityEditor.QuickSearchModule:UnityEditor.Search:ASIAI0B)
Imported 'GUID: f3b61d14439ec5a458794d22c04bea13' -> (Import Result ID: 'a4815f13bb4ec05c6ace60bb5287a0dc') in 0.072 seconds [static and dynamic dependencies]. Details - ImportResultOutputID=e16e468d1d84e419dd429001a336b0b7 DependenciesID=81f5c5afc7ab90d5393e05d525ba73da StaticDependenciesID=c50799728ef09ee4f1d9f7eed58214df 
Number of updated asset objects reloaded before import = 0
Number of asset objects unloaded after import = 3
========================================================================
Received Import Request.
  Time of request: 2026-09-20T00:02:40.8092366Z
  Time since last request: 0.0009741 seconds.
  importAddress: GUID: e60958662eed5413d86143a0a69b731e - Path: Assets/StandaloneFileBrowser/Plugins/Ookii.Dialogs.dll - Importer: ScriptedImporter/UnityEditor.QuickSearchModule:UnityEditor.Search:ASIAI0B
Importing 'GUID: e60958662eed5413d86143a0a69b731e - Path: Assets/StandaloneFileBrowser/Plugins/Ookii.Dialogs.dll - Importer: ScriptedImporter/UnityEditor.QuickSearchModule:UnityEditor.Search:ASIAI0B' with importer (ScriptedImporter : UnityEditor.QuickSearchModule:UnityEditor.Search:ASIAI0B)
Imported 'GUID: e60958662eed5413d86143a0a69b731e' -> (Import Result ID: 'df99a24703b1e9e1a93927568f61389e') in 0.010 seconds [static and dynamic dependencies]. Details - ImportResultOutputID=cd957d115a0ad5c127f860cdd3f54177 DependenciesID=4d0340a6a09308e6437c29f2cceb866c StaticDependenciesID=e94ae3bd92661d403793cceafa444f44 
Number of updated asset objects reloaded before import = 0
Number of asset objects unloaded after import = 0
========================================================================
Received Import Request.
  Time of request: 2026-09-20T00:02:40.8373539Z
  Time since last request: 0.0019415 seconds.
  importAddress: GUID: 5d3a668018554b8a89c3fe12de72b60c - Path: Assets/StandaloneFileBrowser/StandaloneFileBrowserLinux.cs - Importer: ScriptedImporter/UnityEditor.QuickSearchModule:UnityEditor.Search:ASIAI0B
Importing 'GUID: 5d3a668018554b8a89c3fe12de72b60c - Path: Assets/StandaloneFileBrowser/StandaloneFileBrowserLinux.cs - Importer: ScriptedImporter/UnityEditor.QuickSearchModule:UnityEditor.Search:ASIAI0B' with importer (ScriptedImporter : UnityEditor.QuickSearchModule:UnityEditor.Search:ASIAI0B)
Imported 'GUID: 5d3a668018554b8a89c3fe12de72b60c' -> (Import Result ID: 'a9b05baef77c0a16297af2ce08f005e1') in 0.008 seconds [static and dynamic dependencies]. Details - ImportResultOutputID=8c28fd9e6ca3e7261d13261c904b0e5c DependenciesID=d4e6a30c00a7906bcd33860f1aa5ef3a StaticDependenciesID=0df2e45d98bbd6556af450cd3a3863dc 
Number of updated asset objects reloaded before import = 0
Number of asset objects unloaded after import = 0
========================================================================
Received Import Request.
  Time of request: 2026-09-20T00:02:40.8660548Z
  Time since last request: 0.0015504 seconds.
  importAddress: GUID: 6e681018aa67241a69b8447678ec3b4e - Path: Assets/StandaloneFileBrowser/Sample/CanvasSampleSaveFileImage.cs - Importer: ScriptedImporter/UnityEditor.QuickSearchModule:UnityEditor.Search:ASIAI0B
Importing 'GUID: 6e681018aa67241a69b8447678ec3b4e - Path: Assets/StandaloneFileBrowser/Sample/CanvasSampleSaveFileImage.cs - Importer: ScriptedImporter/UnityEditor.QuickSearchModule:UnityEditor.Search:ASIAI0B' with importer (ScriptedImporter : UnityEditor.QuickSearchModule:UnityEditor.Search:ASIAI0B)
Imported 'GUID: 6e681018aa67241a69b8447678ec3b4e' -> (Import Result ID: 'd6144f10fb5ac4b317885d59245cfcaf') in 0.014 seconds [static and dynamic dependencies]. Details - ImportResultOutputID=80ae3c236a885e79ef8b6964f9454469 DependenciesID=4f5ef69872d369b3d9359ad1096874e4 StaticDependenciesID=20ca09a160a1584bb33643700ea076aa 
Number of updated asset objects reloaded before import = 0
Number of asset objects unloaded after import = 0
========================================================================
Received Import Request.
  Time of request: 2026-09-20T00:02:40.8969289Z
  Time since last request: 0.0017038 seconds.
  importAddress: GUID: 99a65d6437df64949b37cba4eadc67a2 - Path: Assets/StandaloneFileBrowser/Sample/CanvasSampleOpenFileText.cs - Importer: ScriptedImporter/UnityEditor.QuickSearchModule:UnityEditor.Search:ASIAI0B
Importing 'GUID: 99a65d6437df64949b37cba4eadc67a2 - Path: Assets/StandaloneFileBrowser/Sample/CanvasSampleOpenFileText.cs - Importer: ScriptedImporter/UnityEditor.QuickSearchModule:UnityEditor.Search:ASIAI0B' with importer (ScriptedImporter : UnityEditor.QuickSearchModule:UnityEditor.Search:ASIAI0B)
Imported 'GUID: 99a65d6437df64949b37cba4eadc67a2' -> (Import Result ID: '4e572cb6eacf7df1e9a8d502b5d6bbed') in 0.007 seconds [static and dynamic dependencies]. Details - ImportResultOutputID=2fd009d319ed085a4d78f323b5446e4b DependenciesID=7cf674632433264a593b745511e7ecfe StaticDependenciesID=fb439fada93e20b13bebd9a140199306 
Number of updated asset objects reloaded before import = 0
Number of asset objects unloaded after import = 0
========================================================================
Received Import Request.
  Time of request: 2026-09-20T00:02:40.9217257Z
  Time since last request: 0.0013539 seconds.
  importAddress: GUID: 71c09849449d61e47a4599e06b964998 - Path: Assets/StandaloneFileBrowser/Sample/CanvasSampleOpenFileTextMultiple.cs - Importer: ScriptedImporter/UnityEditor.QuickSearchModule:UnityEditor.Search:ASIAI0B
Importing 'GUID: 71c09849449d61e47a4599e06b964998 - Path: Assets/StandaloneFileBrowser/Sample/CanvasSampleOpenFileTextMultiple.cs - Importer: ScriptedImporter/UnityEditor.QuickSearchModule:UnityEditor.Search:ASIAI0B' with importer (ScriptedImporter : UnityEditor.QuickSearchModule:UnityEditor.Search:ASIAI0B)
Imported 'GUID: 71c09849449d61e47a4599e06b964998' -> (Import Result ID: 'a4ce39b922bf058cffd33a5ccc46999a') in 0.011 seconds [static and dynamic dependencies]. Details - ImportResultOutputID=84717c814a29bf931140d870088ceed3 DependenciesID=3a9cc423338c5fe9a3c7c0d8b941cf64 StaticDependenciesID=e5e1d3c03f526c53e7d1c38fb6ce4401 
Number of updated asset objects reloaded before import = 0
Number of asset objects unloaded after import = 0
========================================================================
Received Import Request.
  Time of request: 2026-09-20T00:02:40.9616184Z
  Time since last request: 0.0014642 seconds.
  importAddress: GUID: bcb49ddb0ed5644fda9c3b055cafa27a - Path: Assets/StandaloneFileBrowser/StandaloneFileBrowserMac.cs - Importer: ScriptedImporter/UnityEditor.QuickSearchModule:UnityEditor.Search:ASIAI0B
Importing 'GUID: bcb49ddb0ed5644fda9c3b055cafa27a - Path: Assets/StandaloneFileBrowser/StandaloneFileBrowserMac.cs - Importer: ScriptedImporter/UnityEditor.QuickSearchModule:UnityEditor.Search:ASIAI0B' with importer (ScriptedImporter : UnityEditor.QuickSearchModule:UnityEditor.Search:ASIAI0B)
Imported 'GUID: bcb49ddb0ed5644fda9c3b055cafa27a' -> (Import Result ID: 'cd46be2de7dd80c19491b7656b06c7d2') in 0.010 seconds [static and dynamic dependencies]. Details - ImportResultOutputID=bd9e1056491f0051d6c1540f27588b84 DependenciesID=ce950b7abec52969a808bea8dc7e071d StaticDependenciesID=dce5cf7067fbb034fbd867711c40fe42 
Number of updated asset objects reloaded before import = 0
Number of asset objects unloaded after import = 0
========================================================================
Received Import Request.
  Time of request: 2026-09-20T00:02:40.9908386Z
  Time since last request: 0.0014469 seconds.
  importAddress: GUID: 194e247414a78461d83ae606c1b96917 - Path: Assets/StandaloneFileBrowser/StandaloneFileBrowserWindows.cs - Importer: ScriptedImporter/UnityEditor.QuickSearchModule:UnityEditor.Search:ASIAI0B
Importing 'GUID: 194e247414a78461d83ae606c1b96917 - Path: Assets/StandaloneFileBrowser/StandaloneFileBrowserWindows.cs - Importer: ScriptedImporter/UnityEditor.QuickSearchModule:UnityEditor.Search:ASIAI0B' with importer (ScriptedImporter : UnityEditor.QuickSearchModule:UnityEditor.Search:ASIAI0B)
Imported 'GUID: 194e247414a78461d83ae606c1b96917' -> (Import Result ID: '3af7ed6c9b8f80db1194a009283e6a35') in 0.013 seconds [static and dynamic dependencies]. Details - ImportResultOutputID=23f91b3e9d38802c592ce8efc6138192 DependenciesID=e8067635bce230a503ee746addcbc406 StaticDependenciesID=a81e2dacd2d15ce211f959f18861fcdc 
Number of updated asset objects reloaded before import = 0
Number of asset objects unloaded after import = 0
========================================================================
Received Import Request.
  Time of request: 2026-09-20T00:02:41.0253978Z
  Time since last request: 0.0013486 seconds.
  importAddress: GUID: 400f2b2ea89cb1749a76b7a8984a636c - Path: Assets/Assets/Scripts/UI/GameplayUI.cs - Importer: ScriptedImporter/UnityEditor.QuickSearchModule:UnityEditor.Search:ASIAI0B
Importing 'GUID: 400f2b2ea89cb1749a76b7a8984a636c - Path: Assets/Assets/Scripts/UI/GameplayUI.cs - Importer: ScriptedImporter/UnityEditor.QuickSearchModule:UnityEditor.Search:ASIAI0B' with importer (ScriptedImporter : UnityEditor.QuickSearchModule:UnityEditor.Search:ASIAI0B)
Imported 'GUID: 400f2b2ea89cb1749a76b7a8984a636c' -> (Import Result ID: 'e095a8fa0335d7d0a30a045eac5b9316') in 0.008 seconds [static and dynamic dependencies]. Details - ImportResultOutputID=c80b7a71e8080a865a97699ee16aa085 DependenciesID=1e07ac6382c8d30bbf3e01be29068783 StaticDependenciesID=ebc582b94260022a88a26897cef735f9 
Number of updated asset objects reloaded before import = 0
Number of asset objects unloaded after import = 0
========================================================================
Received Import Request.
  Time of request: 2026-09-20T00:02:41.0521423Z
  Time since last request: 0.0014104 seconds.
  importAddress: GUID: 3c708be74128e4ced9b79eaaf80e8443 - Path: Assets/StandaloneFileBrowser/StandaloneFileBrowser.cs - Importer: ScriptedImporter/UnityEditor.QuickSearchModule:UnityEditor.Search:ASIAI0B
Importing 'GUID: 3c708be74128e4ced9b79eaaf80e8443 - Path: Assets/StandaloneFileBrowser/StandaloneFileBrowser.cs - Importer: ScriptedImporter/UnityEditor.QuickSearchModule:UnityEditor.Search:ASIAI0B' with importer (ScriptedImporter : UnityEditor.QuickSearchModule:UnityEditor.Search:ASIAI0B)
Imported 'GUID: 3c708be74128e4ced9b79eaaf80e8443' -> (Import Result ID: 'db2651e002194402fb3e3ce8d356da1f') in 0.007 seconds [static and dynamic dependencies]. Details - ImportResultOutputID=bb01a753ff5bd1753c3387793a57c4c6 DependenciesID=f0e41e3bb2a15c8a6a42f4736cd1039d StaticDependenciesID=57c54f4aaab38df97755a5b1aa0df0e4 
Number of updated asset objects reloaded before import = 0
Number of asset objects unloaded after import = 0
========================================================================
Received Import Request.
  Time of request: 2026-09-20T00:02:41.0771594Z
  Time since last request: 0.0013247 seconds.
  importAddress: GUID: 265aaf20a6d564e0fb00a9c4a7a9c300 - Path: Assets/StandaloneFileBrowser/Plugins/StandaloneFileBrowser.jslib - Importer: ScriptedImporter/UnityEditor.QuickSearchModule:UnityEditor.Search:ASIAI0B
Importing 'GUID: 265aaf20a6d564e0fb00a9c4a7a9c300 - Path: Assets/StandaloneFileBrowser/Plugins/StandaloneFileBrowser.jslib - Importer: ScriptedImporter/UnityEditor.QuickSearchModule:UnityEditor.Search:ASIAI0B' with importer (ScriptedImporter : UnityEditor.QuickSearchModule:UnityEditor.Search:ASIAI0B)
Imported 'GUID: 265aaf20a6d564e0fb00a9c4a7a9c300' -> (Import Result ID: '021e4cb0ecbf8e728ca6bfd3da425fa6') in 0.013 seconds [static and dynamic dependencies]. Details - ImportResultOutputID=b943960003809200d75f7d1f3cff6eb8 DependenciesID=bf13a635823f543d641f292d7246aa08 StaticDependenciesID=0364a4441aa5091e6777796d9675d290 
Number of updated asset objects reloaded before import = 0
Number of asset objects unloaded after import = 0
========================================================================
Received Prepare
AcceleratorClientConnectionCallback - disconnected - :0
[Licensing::Client] Successfully resolved entitlement details
[Licensing::Module] License group:
  Id: F4-2UBE-PX9U-ZMFZ-QQ3W-XXXX
  Product: Unity Personal
  Type: ULF
  Expiration: Unlimited
[Licensing::Module] License group:
  Id: 4674243698606-UnityPersXXXX
  Product: Unity Personal
  Type: Assigned
  Expiration: Unlimited
Begin MonoManager ReloadAssembly
Symbol file LoadedFromMemory is not a mono symbol file
Symbol file LoadedFromMemory is not a mono symbol file
Refreshing native plugins compatible for Editor in 10.53 ms, found 5 plugins.
Native extension for WindowsStandalone target not found
Native extension for WebGL target not found
[Package Manager] Failed to launch server process. Reason: Unity was launched with the -noUpm command-line argument
[Package Manager] Unable to send message (not connected to server process).
[Package Manager] Cannot connect to Unity Package Manager local server
Refreshing native plugins compatible for Editor in 9.07 ms, found 5 plugins.
[Package Manager] Failed to launch server process. Reason: Unity was launched with the -noUpm command-line argument
[Package Manager] Unable to send message (not connected to server process).
[Package Manager] Cannot connect to Unity Package Manager local server
[Licensing::Client] Error: Code 404 while processing request (status: Found 0 entitlement groups and 0 free entitlements matching requested entitlement ids)
[Licensing::Client] Error: Code 404 while processing request (status: Found 0 entitlement groups and 0 free entitlements matching requested entitlement ids)
[Licensing::Client] Error: Code 404 while processing request (status: Found 0 entitlement groups and 0 free entitlements matching requested entitlement ids)
ScheduleIndexationOnStartup MainProcess:False IndexOnStartup:True
Mono: successfully reloaded assembly
- Finished resetting the current domain, in  2.442 seconds
Domain Reload Profiling: 5633ms
	BeginReloadAssembly (563ms)
		DisableScriptedObjects (19ms)
		CreateAndSetChildDomain (147ms)
	RebuildCommonClasses (12ms)
	RebuildNativeTypeToScriptingClass (29ms)
	initialDomainReloadingComplete (226ms)
	LoadAllAssembliesAndSetupDomain (2360ms)
		LoadAssemblies (1520ms)
		AnalyzeDomain (668ms)
			TypeCache.Refresh (23ms)
				TypeCache.ScanAssembly (4ms)
			BuildScriptInfoCaches (623ms)
			ResolveRequiredComponents (18ms)
	FinalizeReload (2443ms)
		SetupLoadedEditorAssemblies (0ms)
			InitializePlatformSupportModulesInManaged (3ms)
			BeforeProcessingInitializeOnLoad (189ms)
			ProcessInitializeOnLoadAttributes (1232ms)
			ProcessInitializeOnLoadMethodAttributes (454ms)
			AfterProcessingInitializeOnLoad (26ms)
		AwakeInstancesAfterBackupRestoration (31ms)
Refreshing native plugins compatible for Editor in 8.24 ms, found 5 plugins.
Unloading 65 Unused Serialized files (Serialized files now loaded: 0)
Unloading 10538 unused Assets / (21.9 MB). Loaded Objects now: 11561.
Memory consumption went from 503.9 MB to 482.0 MB.
Total: 30.189800 ms (FindLiveObjects: 1.490000 ms CreateObjectMapping: 3.509700 ms MarkObjects: 17.725500 ms  DeleteObjects: 7.462600 ms)

Prepare: number of updated asset objects reloaded= 0
========================================================================
Received Prepare
AcceleratorClientConnectionCallback - disconnected - :0
[Licensing::Client] Successfully resolved entitlement details
[Licensing::Module] License group:
  Id: F4-2UBE-PX9U-ZMFZ-QQ3W-XXXX
  Product: Unity Personal
  Type: ULF
  Expiration: Unlimited
[Licensing::Module] License group:
  Id: 4674243698606-UnityPersXXXX
  Product: Unity Personal
  Type: Assigned
  Expiration: Unlimited
Begin MonoManager ReloadAssembly
Symbol file LoadedFromMemory is not a mono symbol file
Symbol file LoadedFromMemory is not a mono symbol file
Refreshing native plugins compatible for Editor in 8.67 ms, found 5 plugins.
Native extension for WindowsStandalone target not found
Native extension for WebGL target not found
[Package Manager] Failed to launch server process. Reason: Unity was launched with the -noUpm command-line argument
[Package Manager] Unable to send message (not connected to server process).
[Package Manager] Cannot connect to Unity Package Manager local server
Refreshing native plugins compatible for Editor in 32.22 ms, found 5 plugins.
[Package Manager] Failed to launch server process. Reason: Unity was launched with the -noUpm command-line argument
[Package Manager] Unable to send message (not connected to server process).
[Package Manager] Cannot connect to Unity Package Manager local server
[Licensing::Client] Error: Code 404 while processing request (status: Found 0 entitlement groups and 0 free entitlements matching requested entitlement ids)
[Licensing::Client] Error: Code 404 while processing request (status: Found 0 entitlement groups and 0 free entitlements matching requested entitlement ids)
[Licensing::Client] Error: Code 404 while processing request (status: Found 0 entitlement groups and 0 free entitlements matching requested entitlement ids)
ScheduleIndexationOnStartup MainProcess:False IndexOnStartup:True
Mono: successfully reloaded assembly
- Finished resetting the current domain, in  3.408 seconds
Domain Reload Profiling: 5781ms
	BeginReloadAssembly (531ms)
		DisableScriptedObjects (20ms)
		CreateAndSetChildDomain (147ms)
	RebuildCommonClasses (16ms)
	RebuildNativeTypeToScriptingClass (28ms)
	initialDomainReloadingComplete (242ms)
	LoadAllAssembliesAndSetupDomain (1554ms)
		LoadAssemblies (1409ms)
		AnalyzeDomain (26ms)
			TypeCache.Refresh (13ms)
			ResolveRequiredComponents (7ms)
	FinalizeReload (3410ms)
		SetupLoadedEditorAssemblies (0ms)
			InitializePlatformSupportModulesInManaged (3ms)
			BeforeProcessingInitializeOnLoad (226ms)
			ProcessInitializeOnLoadAttributes (2163ms)
			ProcessInitializeOnLoadMethodAttributes (594ms)
			AfterProcessingInitializeOnLoad (29ms)
		AwakeInstancesAfterBackupRestoration (44ms)
Refreshing native plugins compatible for Editor in 9.73 ms, found 5 plugins.
Unloading 65 Unused Serialized files (Serialized files now loaded: 0)
Unloading 10538 unused Assets / (21.8 MB). Loaded Objects now: 11564.
Memory consumption went from 504.2 MB to 482.4 MB.
Total: 34.850200 ms (FindLiveObjects: 1.742100 ms CreateObjectMapping: 4.228300 ms MarkObjects: 19.092200 ms  DeleteObjects: 9.785900 ms)

Prepare: number of updated asset objects reloaded= 0
========================================================================
Received Prepare
AcceleratorClientConnectionCallback - disconnected - :0
Refreshing native plugins compatible for Editor in 8.62 ms, found 5 plugins.
Unloading 65 Unused Serialized files (Serialized files now loaded: 0)
Unloading 65 unused Assets / (13.7 MB). Loaded Objects now: 11564.
Memory consumption went from 499.1 MB to 485.3 MB.
Total: 23.538500 ms (FindLiveObjects: 1.037900 ms CreateObjectMapping: 0.967100 ms MarkObjects: 19.315000 ms  DeleteObjects: 2.215800 ms)

Prepare: number of updated asset objects reloaded= 0
========================================================================
Received Import Request.
  Time of request: 2026-09-20T00:37:24.4908602Z
  Time since last request: 2083.38540689999991 seconds.
  importAddress: GUID: 21f66a6810195e84fbaf958c78a2170b - Path: Assets/Assets/Scripts/UI/Música de programación.mp3 - Importer: PreviewImporter
Importing 'GUID: 21f66a6810195e84fbaf958c78a2170b - Path: Assets/Assets/Scripts/UI/Música de programación.mp3 - Importer: PreviewImporter' with importer (PreviewImporter)
Imported 'GUID: 21f66a6810195e84fbaf958c78a2170b' -> (Import Result ID: 'c146f5d7211d3d2099331a5696444256') in 0.184 seconds [static and dynamic dependencies]. Details - ImportResultOutputID=5d5c41166acf65f1d0bc5a4480ef2b0a DependenciesID=be42162da5fe7c6d80c21ad9a11a9752 StaticDependenciesID=26f04164d26b020b7a1dbd22145ddd76 
Number of updated asset objects reloaded before import = 0
Number of asset objects unloaded after import = 2
========================================================================
Received Prepare
AcceleratorClientConnectionCallback - disconnected - :0
Refreshing native plugins compatible for Editor in 8.92 ms, found 5 plugins.
Unloading 65 Unused Serialized files (Serialized files now loaded: 0)
Unloading 65 unused Assets / (13.7 MB). Loaded Objects now: 11574.
Memory consumption went from 495.4 MB to 481.7 MB.
Total: 23.554200 ms (FindLiveObjects: 0.880400 ms CreateObjectMapping: 1.175400 ms MarkObjects: 18.684500 ms  DeleteObjects: 2.812200 ms)

Prepare: number of updated asset objects reloaded= 0
========================================================================
Received Import Request.
  Time of request: 2026-09-20T00:38:39.2169072Z
  Time since last request: 74.5227581 seconds.
  importAddress: GUID: d78f6530c9047774594441b2bb9dd64a - Path: Assets/Assets/Scripts/UI/Música de juego.mp3 - Importer: PreviewImporter
Importing 'GUID: d78f6530c9047774594441b2bb9dd64a - Path: Assets/Assets/Scripts/UI/Música de juego.mp3 - Importer: PreviewImporter' with importer (PreviewImporter)
Imported 'GUID: d78f6530c9047774594441b2bb9dd64a' -> (Import Result ID: '74e1a96ed03992c7ac9029474863e967') in 0.014 seconds [static and dynamic dependencies]. Details - ImportResultOutputID=fa90937514b717d21da4c871e6064caf DependenciesID=5f0723115553932e764efdd7f106728f StaticDependenciesID=385403b77c76b6b3d0604b59e5f53383 
Number of updated asset objects reloaded before import = 0
Number of asset objects unloaded after import = 2
========================================================================
Received Prepare
AcceleratorClientConnectionCallback - disconnected - :0
Refreshing native plugins compatible for Editor in 9.10 ms, found 5 plugins.
Unloading 65 Unused Serialized files (Serialized files now loaded: 0)
Unloading 65 unused Assets / (13.7 MB). Loaded Objects now: 11574.
Memory consumption went from 495.4 MB to 481.7 MB.
Total: 23.507900 ms (FindLiveObjects: 0.805200 ms CreateObjectMapping: 1.236700 ms MarkObjects: 18.820400 ms  DeleteObjects: 2.644100 ms)

Prepare: number of updated asset objects reloaded= 0
========================================================================
Received Prepare
AcceleratorClientConnectionCallback - disconnected - :0
[Licensing::Client] Successfully resolved entitlement details
[Licensing::Module] License group:
  Id: F4-2UBE-PX9U-ZMFZ-QQ3W-XXXX
  Product: Unity Personal
  Type: ULF
  Expiration: Unlimited
[Licensing::Module] License group:
  Id: 4674243698606-UnityPersXXXX
  Product: Unity Personal
  Type: Assigned
  Expiration: Unlimited
Begin MonoManager ReloadAssembly
Symbol file LoadedFromMemory is not a mono symbol file
Symbol file LoadedFromMemory is not a mono symbol file
Refreshing native plugins compatible for Editor in 19.76 ms, found 5 plugins.
Native extension for WindowsStandalone target not found
Native extension for WebGL target not found
[Package Manager] Failed to launch server process. Reason: Unity was launched with the -noUpm command-line argument
[Package Manager] Unable to send message (not connected to server process).
[Package Manager] Cannot connect to Unity Package Manager local server
Refreshing native plugins compatible for Editor in 8.66 ms, found 5 plugins.
[Package Manager] Failed to launch server process. Reason: Unity was launched with the -noUpm command-line argument
[Package Manager] Unable to send message (not connected to server process).
[Package Manager] Cannot connect to Unity Package Manager local server
[Licensing::Client] Error: Code 404 while processing request (status: Found 0 entitlement groups and 0 free entitlements matching requested entitlement ids)
[Licensing::Client] Error: Code 404 while processing request (status: Found 0 entitlement groups and 0 free entitlements matching requested entitlement ids)
[Licensing::Client] Error: Code 404 while processing request (status: Found 0 entitlement groups and 0 free entitlements matching requested entitlement ids)
ScheduleIndexationOnStartup MainProcess:False IndexOnStartup:True
Mono: successfully reloaded assembly
- Finished resetting the current domain, in  2.591 seconds
Domain Reload Profiling: 4820ms
	BeginReloadAssembly (531ms)
		DisableScriptedObjects (18ms)
		CreateAndSetChildDomain (170ms)
	RebuildCommonClasses (15ms)
	RebuildNativeTypeToScriptingClass (27ms)
	initialDomainReloadingComplete (271ms)
	LoadAllAssembliesAndSetupDomain (1384ms)
		LoadAssemblies (1277ms)
		AnalyzeDomain (26ms)
			TypeCache.Refresh (13ms)
			ResolveRequiredComponents (7ms)
	FinalizeReload (2593ms)
		SetupLoadedEditorAssemblies (0ms)
			InitializePlatformSupportModulesInManaged (4ms)
			BeforeProcessingInitializeOnLoad (211ms)
			ProcessInitializeOnLoadAttributes (1323ms)
			ProcessInitializeOnLoadMethodAttributes (547ms)
			AfterProcessingInitializeOnLoad (28ms)
		AwakeInstancesAfterBackupRestoration (49ms)
Refreshing native plugins compatible for Editor in 10.60 ms, found 5 plugins.
Unloading 65 Unused Serialized files (Serialized files now loaded: 0)
Unloading 10538 unused Assets / (21.6 MB). Loaded Objects now: 11576.
Memory consumption went from 504.8 MB to 483.1 MB.
Total: 37.283700 ms (FindLiveObjects: 1.736700 ms CreateObjectMapping: 5.229000 ms MarkObjects: 19.671600 ms  DeleteObjects: 10.644700 ms)

Prepare: number of updated asset objects reloaded= 0
========================================================================
Received Prepare
AcceleratorClientConnectionCallback - disconnected - :0
[Licensing::Client] Successfully resolved entitlement details
[Licensing::Module] License group:
  Id: F4-2UBE-PX9U-ZMFZ-QQ3W-XXXX
  Product: Unity Personal
  Type: ULF
  Expiration: Unlimited
[Licensing::Module] License group:
  Id: 4674243698606-UnityPersXXXX
  Product: Unity Personal
  Type: Assigned
  Expiration: Unlimited
Begin MonoManager ReloadAssembly
Symbol file LoadedFromMemory is not a mono symbol file
Symbol file LoadedFromMemory is not a mono symbol file
Refreshing native plugins compatible for Editor in 8.07 ms, found 5 plugins.
Native extension for WindowsStandalone target not found
Native extension for WebGL target not found
[Package Manager] Failed to launch server process. Reason: Unity was launched with the -noUpm command-line argument
[Package Manager] Unable to send message (not connected to server process).
[Package Manager] Cannot connect to Unity Package Manager local server
Refreshing native plugins compatible for Editor in 11.28 ms, found 5 plugins.
[Package Manager] Failed to launch server process. Reason: Unity was launched with the -noUpm command-line argument
[Package Manager] Unable to send message (not connected to server process).
[Package Manager] Cannot connect to Unity Package Manager local server
[Licensing::Client] Error: Code 404 while processing request (status: Found 0 entitlement groups and 0 free entitlements matching requested entitlement ids)
[Licensing::Client] Error: Code 404 while processing request (status: Found 0 entitlement groups and 0 free entitlements matching requested entitlement ids)
[Licensing::Client] Error: Code 404 while processing request (status: Found 0 entitlement groups and 0 free entitlements matching requested entitlement ids)
ScheduleIndexationOnStartup MainProcess:False IndexOnStartup:True
Mono: successfully reloaded assembly
- Finished resetting the current domain, in  2.351 seconds
Domain Reload Profiling: 5824ms
	BeginReloadAssembly (876ms)
		DisableScriptedObjects (33ms)
		CreateAndSetChildDomain (257ms)
	RebuildCommonClasses (32ms)
	RebuildNativeTypeToScriptingClass (36ms)
	initialDomainReloadingComplete (261ms)
	LoadAllAssembliesAndSetupDomain (2267ms)
		LoadAssemblies (1641ms)
		AnalyzeDomain (661ms)
			TypeCache.Refresh (29ms)
				TypeCache.ScanAssembly (4ms)
			BuildScriptInfoCaches (622ms)
			ResolveRequiredComponents (7ms)
	FinalizeReload (2353ms)
		SetupLoadedEditorAssemblies (0ms)
			InitializePlatformSupportModulesInManaged (3ms)
			BeforeProcessingInitializeOnLoad (206ms)
			ProcessInitializeOnLoadAttributes (1242ms)
			ProcessInitializeOnLoadMethodAttributes (493ms)
			AfterProcessingInitializeOnLoad (33ms)
		AwakeInstancesAfterBackupRestoration (38ms)
Refreshing native plugins compatible for Editor in 9.77 ms, found 5 plugins.
Unloading 65 Unused Serialized files (Serialized files now loaded: 0)
Unloading 10538 unused Assets / (21.7 MB). Loaded Objects now: 11579.
Memory consumption went from 0.51 GB to 501.1 MB.
Total: 45.403000 ms (FindLiveObjects: 3.885400 ms CreateObjectMapping: 6.360200 ms MarkObjects: 23.650000 ms  DeleteObjects: 11.501400 ms)

Prepare: number of updated asset objects reloaded= 0
========================================================================
Received Prepare
AcceleratorClientConnectionCallback - disconnected - :0
[Licensing::Client] Successfully resolved entitlement details
[Licensing::Module] License group:
  Id: F4-2UBE-PX9U-ZMFZ-QQ3W-XXXX
  Product: Unity Personal
  Type: ULF
  Expiration: Unlimited
[Licensing::Module] License group:
  Id: 4674243698606-UnityPersXXXX
  Product: Unity Personal
  Type: Assigned
  Expiration: Unlimited
Begin MonoManager ReloadAssembly
Symbol file LoadedFromMemory is not a mono symbol file
Symbol file LoadedFromMemory is not a mono symbol file
Refreshing native plugins compatible for Editor in 10.18 ms, found 5 plugins.
Native extension for WindowsStandalone target not found
Native extension for WebGL target not found
[Package Manager] Failed to launch server process. Reason: Unity was launched with the -noUpm command-line argument
[Package Manager] Unable to send message (not connected to server process).
[Package Manager] Cannot connect to Unity Package Manager local server
Refreshing native plugins compatible for Editor in 10.14 ms, found 5 plugins.
[Package Manager] Failed to launch server process. Reason: Unity was launched with the -noUpm command-line argument
[Package Manager] Unable to send message (not connected to server process).
[Package Manager] Cannot connect to Unity Package Manager local server
[Licensing::Client] Error: Code 404 while processing request (status: Found 0 entitlement groups and 0 free entitlements matching requested entitlement ids)
[Licensing::Client] Error: Code 404 while processing request (status: Found 0 entitlement groups and 0 free entitlements matching requested entitlement ids)
[Licensing::Client] Error: Code 404 while processing request (status: Found 0 entitlement groups and 0 free entitlements matching requested entitlement ids)
ScheduleIndexationOnStartup MainProcess:False IndexOnStartup:True
Mono: successfully reloaded assembly
- Finished resetting the current domain, in  2.802 seconds
Domain Reload Profiling: 4911ms
	BeginReloadAssembly (483ms)
		DisableScriptedObjects (18ms)
		CreateAndSetChildDomain (146ms)
	RebuildCommonClasses (13ms)
	RebuildNativeTypeToScriptingClass (25ms)
	initialDomainReloadingComplete (211ms)
	LoadAllAssembliesAndSetupDomain (1376ms)
		LoadAssemblies (1219ms)
		AnalyzeDomain (25ms)
			TypeCache.Refresh (12ms)
			ResolveRequiredComponents (7ms)
	FinalizeReload (2804ms)
		SetupLoadedEditorAssemblies (0ms)
			InitializePlatformSupportModulesInManaged (4ms)
			BeforeProcessingInitializeOnLoad (229ms)
			ProcessInitializeOnLoadAttributes (1462ms)
			ProcessInitializeOnLoadMethodAttributes (577ms)
			AfterProcessingInitializeOnLoad (29ms)
		AwakeInstancesAfterBackupRestoration (44ms)
Refreshing native plugins compatible for Editor in 9.82 ms, found 5 plugins.
Unloading 65 Unused Serialized files (Serialized files now loaded: 0)
Unloading 10538 unused Assets / (21.7 MB). Loaded Objects now: 11582.
Memory consumption went from 0.51 GB to 501.8 MB.
Total: 36.447900 ms (FindLiveObjects: 2.383700 ms CreateObjectMapping: 4.080400 ms MarkObjects: 19.634600 ms  DeleteObjects: 10.347400 ms)

Prepare: number of updated asset objects reloaded= 0
========================================================================
Received Prepare
AcceleratorClientConnectionCallback - disconnected - :0
[Licensing::Client] Successfully resolved entitlement details
[Licensing::Module] License group:
  Id: F4-2UBE-PX9U-ZMFZ-QQ3W-XXXX
  Product: Unity Personal
  Type: ULF
  Expiration: Unlimited
[Licensing::Module] License group:
  Id: 4674243698606-UnityPersXXXX
  Product: Unity Personal
  Type: Assigned
  Expiration: Unlimited
Begin MonoManager ReloadAssembly
Symbol file LoadedFromMemory is not a mono symbol file
Symbol file LoadedFromMemory is not a mono symbol file
Refreshing native plugins compatible for Editor in 8.87 ms, found 5 plugins.
Native extension for WindowsStandalone target not found
Native extension for WebGL target not found
[Package Manager] Failed to launch server process. Reason: Unity was launched with the -noUpm command-line argument
[Package Manager] Unable to send message (not connected to server process).
[Package Manager] Cannot connect to Unity Package Manager local server
Refreshing native plugins compatible for Editor in 8.86 ms, found 5 plugins.
[Package Manager] Failed to launch server process. Reason: Unity was launched with the -noUpm command-line argument
[Package Manager] Unable to send message (not connected to server process).
[Package Manager] Cannot connect to Unity Package Manager local server
[Licensing::Client] Error: Code 404 while processing request (status: Found 0 entitlement groups and 0 free entitlements matching requested entitlement ids)
[Licensing::Client] Error: Code 404 while processing request (status: Found 0 entitlement groups and 0 free entitlements matching requested entitlement ids)
[Licensing::Client] Error: Code 404 while processing request (status: Found 0 entitlement groups and 0 free entitlements matching requested entitlement ids)
ScheduleIndexationOnStartup MainProcess:False IndexOnStartup:True
Mono: successfully reloaded assembly
- Finished resetting the current domain, in  2.245 seconds
Domain Reload Profiling: 5452ms
	BeginReloadAssembly (538ms)
		DisableScriptedObjects (20ms)
		CreateAndSetChildDomain (149ms)
	RebuildCommonClasses (16ms)
	RebuildNativeTypeToScriptingClass (27ms)
	initialDomainReloadingComplete (231ms)
	LoadAllAssembliesAndSetupDomain (2395ms)
		LoadAssemblies (1464ms)
		AnalyzeDomain (820ms)
			TypeCache.Refresh (39ms)
				TypeCache.ScanAssembly (5ms)
			BuildScriptInfoCaches (771ms)
			ResolveRequiredComponents (8ms)
	FinalizeReload (2246ms)
		SetupLoadedEditorAssemblies (0ms)
			InitializePlatformSupportModulesInManaged (3ms)
			BeforeProcessingInitializeOnLoad (194ms)
			ProcessInitializeOnLoadAttributes (1207ms)
			ProcessInitializeOnLoadMethodAttributes (455ms)
			AfterProcessingInitializeOnLoad (27ms)
		AwakeInstancesAfterBackupRestoration (37ms)
Refreshing native plugins compatible for Editor in 8.44 ms, found 5 plugins.
Unloading 65 Unused Serialized files (Serialized files now loaded: 0)
Unloading 10538 unused Assets / (21.0 MB). Loaded Objects now: 11585.
Memory consumption went from 0.53 GB to 0.51 GB.
Total: 30.908000 ms (FindLiveObjects: 1.454000 ms CreateObjectMapping: 3.023000 ms MarkObjects: 17.933700 ms  DeleteObjects: 8.495200 ms)

Prepare: number of updated asset objects reloaded= 0
========================================================================
Received Prepare
AcceleratorClientConnectionCallback - disconnected - :0
[Licensing::Client] Successfully resolved entitlement details
[Licensing::Module] License group:
  Id: F4-2UBE-PX9U-ZMFZ-QQ3W-XXXX
  Product: Unity Personal
  Type: ULF
  Expiration: Unlimited
[Licensing::Module] License group:
  Id: 4674243698606-UnityPersXXXX
  Product: Unity Personal
  Type: Assigned
  Expiration: Unlimited
Begin MonoManager ReloadAssembly
Symbol file LoadedFromMemory is not a mono symbol file
Symbol file LoadedFromMemory is not a mono symbol file
Refreshing native plugins compatible for Editor in 9.85 ms, found 5 plugins.
Native extension for WindowsStandalone target not found
Native extension for WebGL target not found
[Package Manager] Failed to launch server process. Reason: Unity was launched with the -noUpm command-line argument
[Package Manager] Unable to send message (not connected to server process).
[Package Manager] Cannot connect to Unity Package Manager local server
Refreshing native plugins compatible for Editor in 9.01 ms, found 5 plugins.
[Package Manager] Failed to launch server process. Reason: Unity was launched with the -noUpm command-line argument
[Package Manager] Unable to send message (not connected to server process).
[Package Manager] Cannot connect to Unity Package Manager local server
[Licensing::Client] Error: Code 404 while processing request (status: Found 0 entitlement groups and 0 free entitlements matching requested entitlement ids)
[Licensing::Client] Error: Code 404 while processing request (status: Found 0 entitlement groups and 0 free entitlements matching requested entitlement ids)
[Licensing::Client] Error: Code 404 while processing request (status: Found 0 entitlement groups and 0 free entitlements matching requested entitlement ids)
ScheduleIndexationOnStartup MainProcess:False IndexOnStartup:True
Mono: successfully reloaded assembly
- Finished resetting the current domain, in  2.678 seconds
Domain Reload Profiling: 5017ms
	BeginReloadAssembly (626ms)
		DisableScriptedObjects (22ms)
		CreateAndSetChildDomain (216ms)
	RebuildCommonClasses (15ms)
	RebuildNativeTypeToScriptingClass (28ms)
	initialDomainReloadingComplete (249ms)
	LoadAllAssembliesAndSetupDomain (1420ms)
		LoadAssemblies (1293ms)
		AnalyzeDomain (28ms)
			TypeCache.Refresh (14ms)
			ResolveRequiredComponents (8ms)
	FinalizeReload (2680ms)
		SetupLoadedEditorAssemblies (0ms)
			InitializePlatformSupportModulesInManaged (4ms)
			BeforeProcessingInitializeOnLoad (222ms)
			ProcessInitializeOnLoadAttributes (1398ms)
			ProcessInitializeOnLoadMethodAttributes (518ms)
			AfterProcessingInitializeOnLoad (30ms)
		AwakeInstancesAfterBackupRestoration (43ms)
Refreshing native plugins compatible for Editor in 11.67 ms, found 5 plugins.
Unloading 65 Unused Serialized files (Serialized files now loaded: 0)
Unloading 10538 unused Assets / (21.0 MB). Loaded Objects now: 11588.
Memory consumption went from 0.53 GB to 0.51 GB.
Total: 48.129400 ms (FindLiveObjects: 2.479700 ms CreateObjectMapping: 5.528300 ms MarkObjects: 27.586000 ms  DeleteObjects: 12.533600 ms)

Prepare: number of updated asset objects reloaded= 0
========================================================================
Received Prepare
AcceleratorClientConnectionCallback - disconnected - :0
[Licensing::Client] Successfully resolved entitlement details
[Licensing::Module] License group:
  Id: F4-2UBE-PX9U-ZMFZ-QQ3W-XXXX
  Product: Unity Personal
  Type: ULF
  Expiration: Unlimited
[Licensing::Module] License group:
  Id: 4674243698606-UnityPersXXXX
  Product: Unity Personal
  Type: Assigned
  Expiration: Unlimited
Begin MonoManager ReloadAssembly
Symbol file LoadedFromMemory is not a mono symbol file
Symbol file LoadedFromMemory is not a mono symbol file
Refreshing native plugins compatible for Editor in 16.94 ms, found 5 plugins.
Native extension for WindowsStandalone target not found
Native extension for WebGL target not found
[Package Manager] Failed to launch server process. Reason: Unity was launched with the -noUpm command-line argument
[Package Manager] Unable to send message (not connected to server process).
[Package Manager] Cannot connect to Unity Package Manager local server
Refreshing native plugins compatible for Editor in 8.54 ms, found 5 plugins.
[Package Manager] Failed to launch server process. Reason: Unity was launched with the -noUpm command-line argument
[Package Manager] Unable to send message (not connected to server process).
[Package Manager] Cannot connect to Unity Package Manager local server
[Licensing::Client] Error: Code 404 while processing request (status: Found 0 entitlement groups and 0 free entitlements matching requested entitlement ids)
[Licensing::Client] Error: Code 404 while processing request (status: Found 0 entitlement groups and 0 free entitlements matching requested entitlement ids)
[Licensing::Client] Error: Code 404 while processing request (status: Found 0 entitlement groups and 0 free entitlements matching requested entitlement ids)
ScheduleIndexationOnStartup MainProcess:False IndexOnStartup:True
Mono: successfully reloaded assembly
- Finished resetting the current domain, in  2.482 seconds
Domain Reload Profiling: 5627ms
	BeginReloadAssembly (545ms)
		DisableScriptedObjects (19ms)
		CreateAndSetChildDomain (153ms)
	RebuildCommonClasses (15ms)
	RebuildNativeTypeToScriptingClass (26ms)
	initialDomainReloadingComplete (255ms)
	LoadAllAssembliesAndSetupDomain (2303ms)
		LoadAssemblies (1537ms)
		AnalyzeDomain (685ms)
			TypeCache.Refresh (25ms)
				TypeCache.ScanAssembly (4ms)
			BuildScriptInfoCaches (650ms)
			ResolveRequiredComponents (7ms)
	FinalizeReload (2483ms)
		SetupLoadedEditorAssemblies (0ms)
			InitializePlatformSupportModulesInManaged (5ms)
			BeforeProcessingInitializeOnLoad (217ms)
			ProcessInitializeOnLoadAttributes (1262ms)
			ProcessInitializeOnLoadMethodAttributes (460ms)
			AfterProcessingInitializeOnLoad (27ms)
		AwakeInstancesAfterBackupRestoration (36ms)
Refreshing native plugins compatible for Editor in 8.21 ms, found 5 plugins.
Unloading 65 Unused Serialized files (Serialized files now loaded: 0)
Unloading 10538 unused Assets / (21.0 MB). Loaded Objects now: 11591.
Memory consumption went from 0.54 GB to 0.52 GB.
Total: 30.217000 ms (FindLiveObjects: 1.533900 ms CreateObjectMapping: 3.026600 ms MarkObjects: 18.424900 ms  DeleteObjects: 7.229500 ms)

Prepare: number of updated asset objects reloaded= 0
========================================================================
Received Prepare
AcceleratorClientConnectionCallback - disconnected - :0
Begin MonoManager ReloadAssembly
Symbol file LoadedFromMemory is not a mono symbol file
Symbol file LoadedFromMemory is not a mono symbol file
Refreshing native plugins compatible for Editor in 25.16 ms, found 5 plugins.
Native extension for WindowsStandalone target not found
Native extension for WebGL target not found
[Package Manager] Failed to launch server process. Reason: Unity was launched with the -noUpm command-line argument
[Package Manager] Unable to send message (not connected to server process).
[Package Manager] Cannot connect to Unity Package Manager local server
Refreshing native plugins compatible for Editor in 12.40 ms, found 5 plugins.
[Package Manager] Failed to launch server process. Reason: Unity was launched with the -noUpm command-line argument
[Package Manager] Unable to send message (not connected to server process).
[Package Manager] Cannot connect to Unity Package Manager local server
[Licensing::Client] Error: Code 404 while processing request (status: Found 0 entitlement groups and 0 free entitlements matching requested entitlement ids)
[Licensing::Client] Error: Code 404 while processing request (status: Found 0 entitlement groups and 0 free entitlements matching requested entitlement ids)
[Licensing::Client] Error: Code 404 while processing request (status: Found 0 entitlement groups and 0 free entitlements matching requested entitlement ids)
ScheduleIndexationOnStartup MainProcess:False IndexOnStartup:True
Mono: successfully reloaded assembly
- Finished resetting the current domain, in  2.924 seconds
Domain Reload Profiling: 5262ms
	BeginReloadAssembly (509ms)
		DisableScriptedObjects (18ms)
		CreateAndSetChildDomain (161ms)
	RebuildCommonClasses (15ms)
	RebuildNativeTypeToScriptingClass (25ms)
	initialDomainReloadingComplete (215ms)
	LoadAllAssembliesAndSetupDomain (1573ms)
		LoadAssemblies (1397ms)
		AnalyzeDomain (33ms)
			TypeCache.Refresh (16ms)
			ResolveRequiredComponents (8ms)
	FinalizeReload (2925ms)
		SetupLoadedEditorAssemblies (0ms)
			InitializePlatformSupportModulesInManaged (4ms)
			BeforeProcessingInitializeOnLoad (237ms)
			ProcessInitializeOnLoadAttributes (1589ms)
			ProcessInitializeOnLoadMethodAttributes (591ms)
			AfterProcessingInitializeOnLoad (30ms)
		AwakeInstancesAfterBackupRestoration (44ms)
Refreshing native plugins compatible for Editor in 8.55 ms, found 5 plugins.
Unloading 65 Unused Serialized files (Serialized files now loaded: 0)
Unloading 10538 unused Assets / (21.4 MB). Loaded Objects now: 11594.
Memory consumption went from 0.54 GB to 0.52 GB.
Total: 31.553400 ms (FindLiveObjects: 1.590000 ms CreateObjectMapping: 4.184000 ms MarkObjects: 17.042400 ms  DeleteObjects: 8.735700 ms)

Prepare: number of updated asset objects reloaded= 0
========================================================================
Received Prepare
AcceleratorClientConnectionCallback - disconnected - :0
[Licensing::Client] Successfully resolved entitlement details
[Licensing::Module] License group:
  Id: F4-2UBE-PX9U-ZMFZ-QQ3W-XXXX
  Product: Unity Personal
  Type: ULF
  Expiration: Unlimited
[Licensing::Module] License group:
  Id: 4674243698606-UnityPersXXXX
  Product: Unity Personal
  Type: Assigned
  Expiration: Unlimited
Begin MonoManager ReloadAssembly
Symbol file LoadedFromMemory is not a mono symbol file
Symbol file LoadedFromMemory is not a mono symbol file
Refreshing native plugins compatible for Editor in 8.62 ms, found 5 plugins.
Native extension for WindowsStandalone target not found
Native extension for WebGL target not found
[Package Manager] Failed to launch server process. Reason: Unity was launched with the -noUpm command-line argument
[Package Manager] Unable to send message (not connected to server process).
[Package Manager] Cannot connect to Unity Package Manager local server
Refreshing native plugins compatible for Editor in 9.71 ms, found 5 plugins.
[Package Manager] Failed to launch server process. Reason: Unity was launched with the -noUpm command-line argument
[Package Manager] Unable to send message (not connected to server process).
[Package Manager] Cannot connect to Unity Package Manager local server
[Licensing::Client] Error: Code 404 while processing request (status: Found 0 entitlement groups and 0 free entitlements matching requested entitlement ids)
[Licensing::Client] Error: Code 404 while processing request (status: Found 0 entitlement groups and 0 free entitlements matching requested entitlement ids)
[Licensing::Client] Error: Code 404 while processing request (status: Found 0 entitlement groups and 0 free entitlements matching requested entitlement ids)
ScheduleIndexationOnStartup MainProcess:False IndexOnStartup:True
Mono: successfully reloaded assembly
- Finished resetting the current domain, in  2.420 seconds
Domain Reload Profiling: 5682ms
	BeginReloadAssembly (749ms)
		DisableScriptedObjects (26ms)
		CreateAndSetChildDomain (150ms)
	RebuildCommonClasses (15ms)
	RebuildNativeTypeToScriptingClass (26ms)
	initialDomainReloadingComplete (226ms)
	LoadAllAssembliesAndSetupDomain (2245ms)
		LoadAssemblies (1399ms)
		AnalyzeDomain (746ms)
			TypeCache.Refresh (27ms)
				TypeCache.ScanAssembly (7ms)
			BuildScriptInfoCaches (709ms)
			ResolveRequiredComponents (7ms)
	FinalizeReload (2422ms)
		SetupLoadedEditorAssemblies (0ms)
			InitializePlatformSupportModulesInManaged (3ms)
			BeforeProcessingInitializeOnLoad (194ms)
			ProcessInitializeOnLoadAttributes (1321ms)
			ProcessInitializeOnLoadMethodAttributes (505ms)
			AfterProcessingInitializeOnLoad (27ms)
		AwakeInstancesAfterBackupRestoration (38ms)
Refreshing native plugins compatible for Editor in 8.55 ms, found 5 plugins.
Unloading 65 Unused Serialized files (Serialized files now loaded: 0)
Unloading 10538 unused Assets / (21.2 MB). Loaded Objects now: 11597.
Memory consumption went from 0.56 GB to 0.54 GB.
Total: 30.262900 ms (FindLiveObjects: 1.465200 ms CreateObjectMapping: 3.037300 ms MarkObjects: 17.067800 ms  DeleteObjects: 8.691200 ms)

Prepare: number of updated asset objects reloaded= 0
========================================================================
Received Prepare
AcceleratorClientConnectionCallback - disconnected - :0
Begin MonoManager ReloadAssembly
Symbol file LoadedFromMemory is not a mono symbol file
Symbol file LoadedFromMemory is not a mono symbol file
Refreshing native plugins compatible for Editor in 10.98 ms, found 5 plugins.
Native extension for WindowsStandalone target not found
Native extension for WebGL target not found
[Package Manager] Failed to launch server process. Reason: Unity was launched with the -noUpm command-line argument
[Package Manager] Unable to send message (not connected to server process).
[Package Manager] Cannot connect to Unity Package Manager local server
Refreshing native plugins compatible for Editor in 13.76 ms, found 5 plugins.
[Package Manager] Failed to launch server process. Reason: Unity was launched with the -noUpm command-line argument
[Package Manager] Unable to send message (not connected to server process).
[Package Manager] Cannot connect to Unity Package Manager local server
[Licensing::Client] Error: Code 404 while processing request (status: Found 0 entitlement groups and 0 free entitlements matching requested entitlement ids)
[Licensing::Client] Error: Code 404 while processing request (status: Found 0 entitlement groups and 0 free entitlements matching requested entitlement ids)
[Licensing::Client] Error: Code 404 while processing request (status: Found 0 entitlement groups and 0 free entitlements matching requested entitlement ids)
ScheduleIndexationOnStartup MainProcess:False IndexOnStartup:True
Mono: successfully reloaded assembly
- Finished resetting the current domain, in  3.168 seconds
Domain Reload Profiling: 6602ms
	BeginReloadAssembly (798ms)
		DisableScriptedObjects (19ms)
		CreateAndSetChildDomain (292ms)
	RebuildCommonClasses (15ms)
	RebuildNativeTypeToScriptingClass (28ms)
	initialDomainReloadingComplete (243ms)
	LoadAllAssembliesAndSetupDomain (2348ms)
		LoadAssemblies (2213ms)
		AnalyzeDomain (31ms)
			TypeCache.Refresh (16ms)
			ResolveRequiredComponents (10ms)
	FinalizeReload (3170ms)
		SetupLoadedEditorAssemblies (0ms)
			InitializePlatformSupportModulesInManaged (4ms)
			BeforeProcessingInitializeOnLoad (228ms)
			ProcessInitializeOnLoadAttributes (1808ms)
			ProcessInitializeOnLoadMethodAttributes (613ms)
			AfterProcessingInitializeOnLoad (30ms)
		AwakeInstancesAfterBackupRestoration (48ms)
Refreshing native plugins compatible for Editor in 10.70 ms, found 5 plugins.
Unloading 65 Unused Serialized files (Serialized files now loaded: 0)
Unloading 10538 unused Assets / (22.0 MB). Loaded Objects now: 11600.
Memory consumption went from 0.56 GB to 0.54 GB.
Total: 39.619700 ms (FindLiveObjects: 2.030500 ms CreateObjectMapping: 4.565800 ms MarkObjects: 19.020200 ms  DeleteObjects: 14.002100 ms)

Prepare: number of updated asset objects reloaded= 0
========================================================================
Received Prepare
AcceleratorClientConnectionCallback - disconnected - :0
[Licensing::Client] Successfully resolved entitlement details
[Licensing::Module] License group:
  Id: F4-2UBE-PX9U-ZMFZ-QQ3W-XXXX
  Product: Unity Personal
  Type: ULF
  Expiration: Unlimited
[Licensing::Module] License group:
  Id: 4674243698606-UnityPersXXXX
  Product: Unity Personal
  Type: Assigned
  Expiration: Unlimited
Begin MonoManager ReloadAssembly
Symbol file LoadedFromMemory is not a mono symbol file
Symbol file LoadedFromMemory is not a mono symbol file
Refreshing native plugins compatible for Editor in 8.43 ms, found 5 plugins.
Native extension for WindowsStandalone target not found
Native extension for WebGL target not found
[Package Manager] Failed to launch server process. Reason: Unity was launched with the -noUpm command-line argument
[Package Manager] Unable to send message (not connected to server process).
[Package Manager] Cannot connect to Unity Package Manager local server
Refreshing native plugins compatible for Editor in 8.62 ms, found 5 plugins.
[Package Manager] Failed to launch server process. Reason: Unity was launched with the -noUpm command-line argument
[Package Manager] Unable to send message (not connected to server process).
[Package Manager] Cannot connect to Unity Package Manager local server
[Licensing::Client] Error: Code 404 while processing request (status: Found 0 entitlement groups and 0 free entitlements matching requested entitlement ids)
[Licensing::Client] Error: Code 404 while processing request (status: Found 0 entitlement groups and 0 free entitlements matching requested entitlement ids)
[Licensing::Client] Error: Code 404 while processing request (status: Found 0 entitlement groups and 0 free entitlements matching requested entitlement ids)
ScheduleIndexationOnStartup MainProcess:False IndexOnStartup:True
Mono: successfully reloaded assembly
- Finished resetting the current domain, in  2.341 seconds
Domain Reload Profiling: 5731ms
	BeginReloadAssembly (693ms)
		DisableScriptedObjects (22ms)
		CreateAndSetChildDomain (256ms)
	RebuildCommonClasses (21ms)
	RebuildNativeTypeToScriptingClass (30ms)
	initialDomainReloadingComplete (328ms)
	LoadAllAssembliesAndSetupDomain (2318ms)
		LoadAssemblies (1472ms)
		AnalyzeDomain (716ms)
			TypeCache.Refresh (23ms)
				TypeCache.ScanAssembly (4ms)
			BuildScriptInfoCaches (683ms)
			ResolveRequiredComponents (7ms)
	FinalizeReload (2343ms)
		SetupLoadedEditorAssemblies (0ms)
			InitializePlatformSupportModulesInManaged (3ms)
			BeforeProcessingInitializeOnLoad (196ms)
			ProcessInitializeOnLoadAttributes (1270ms)
			ProcessInitializeOnLoadMethodAttributes (472ms)
			AfterProcessingInitializeOnLoad (26ms)
		AwakeInstancesAfterBackupRestoration (39ms)
Refreshing native plugins compatible for Editor in 8.83 ms, found 5 plugins.
Unloading 65 Unused Serialized files (Serialized files now loaded: 0)
Unloading 10538 unused Assets / (21.5 MB). Loaded Objects now: 11603.
Memory consumption went from 0.57 GB to 0.55 GB.
Total: 48.696100 ms (FindLiveObjects: 1.659800 ms CreateObjectMapping: 3.503100 ms MarkObjects: 27.862500 ms  DeleteObjects: 15.669300 ms)

Prepare: number of updated asset objects reloaded= 0
========================================================================
Received Prepare
AcceleratorClientConnectionCallback - disconnected - :0
Begin MonoManager ReloadAssembly
Symbol file LoadedFromMemory is not a mono symbol file
Symbol file LoadedFromMemory is not a mono symbol file
Refreshing native plugins compatible for Editor in 8.69 ms, found 5 plugins.
Native extension for WindowsStandalone target not found
Native extension for WebGL target not found
[Package Manager] Failed to launch server process. Reason: Unity was launched with the -noUpm command-line argument
[Package Manager] Unable to send message (not connected to server process).
[Package Manager] Cannot connect to Unity Package Manager local server
Refreshing native plugins compatible for Editor in 17.34 ms, found 5 plugins.
[Package Manager] Failed to launch server process. Reason: Unity was launched with the -noUpm command-line argument
[Package Manager] Unable to send message (not connected to server process).
[Package Manager] Cannot connect to Unity Package Manager local server
[Licensing::Client] Error: Code 404 while processing request (status: Found 0 entitlement groups and 0 free entitlements matching requested entitlement ids)
[Licensing::Client] Error: Code 404 while processing request (status: Found 0 entitlement groups and 0 free entitlements matching requested entitlement ids)
[Licensing::Client] Error: Code 404 while processing request (status: Found 0 entitlement groups and 0 free entitlements matching requested entitlement ids)
ScheduleIndexationOnStartup MainProcess:False IndexOnStartup:True
Mono: successfully reloaded assembly
- Finished resetting the current domain, in  3.064 seconds
Domain Reload Profiling: 5177ms
	BeginReloadAssembly (497ms)
		DisableScriptedObjects (18ms)
		CreateAndSetChildDomain (156ms)
	RebuildCommonClasses (14ms)
	RebuildNativeTypeToScriptingClass (26ms)
	initialDomainReloadingComplete (211ms)
	LoadAllAssembliesAndSetupDomain (1364ms)
		LoadAssemblies (1212ms)
		AnalyzeDomain (26ms)
			TypeCache.Refresh (12ms)
			ResolveRequiredComponents (7ms)
	FinalizeReload (3065ms)
		SetupLoadedEditorAssemblies (0ms)
			InitializePlatformSupportModulesInManaged (4ms)
			BeforeProcessingInitializeOnLoad (224ms)
			ProcessInitializeOnLoadAttributes (1728ms)
			ProcessInitializeOnLoadMethodAttributes (639ms)
			AfterProcessingInitializeOnLoad (28ms)
		AwakeInstancesAfterBackupRestoration (46ms)
Refreshing native plugins compatible for Editor in 9.80 ms, found 5 plugins.
Unloading 65 Unused Serialized files (Serialized files now loaded: 0)
Unloading 10538 unused Assets / (22.0 MB). Loaded Objects now: 11606.
Memory consumption went from 0.57 GB to 0.55 GB.
Total: 38.013100 ms (FindLiveObjects: 2.054900 ms CreateObjectMapping: 4.667600 ms MarkObjects: 19.963200 ms  DeleteObjects: 11.326100 ms)

Prepare: number of updated asset objects reloaded= 0
========================================================================
Received Prepare
AcceleratorClientConnectionCallback - disconnected - :0
Refreshing native plugins compatible for Editor in 11.67 ms, found 5 plugins.
Unloading 65 Unused Serialized files (Serialized files now loaded: 0)
Unloading 65 unused Assets / (13.7 MB). Loaded Objects now: 11606.
Memory consumption went from 0.57 GB to 0.55 GB.
Total: 25.782200 ms (FindLiveObjects: 1.153700 ms CreateObjectMapping: 2.093400 ms MarkObjects: 20.313300 ms  DeleteObjects: 2.219600 ms)

Prepare: number of updated asset objects reloaded= 0
========================================================================
Received Import Request.
  Time of request: 2026-09-20T01:51:06.3358833Z
  Time since last request: 4347.08914970000023 seconds.
  importAddress: GUID: 19e0ea1ddf1373341b8bf1d96a665a09 - Path: Assets/Assets/Scripts/UI/Gemini_Generated_Image_qma6n3qma6n3qma6.jpg - Importer: PreviewImporter
Importing 'GUID: 19e0ea1ddf1373341b8bf1d96a665a09 - Path: Assets/Assets/Scripts/UI/Gemini_Generated_Image_qma6n3qma6n3qma6.jpg - Importer: PreviewImporter' with importer (PreviewImporter)
Imported 'GUID: 19e0ea1ddf1373341b8bf1d96a665a09' -> (Import Result ID: '5db43a15f85409cf5ca99bc969f4376f') in 0.123 seconds [static and dynamic dependencies]. Details - ImportResultOutputID=8b3bda5c156ba8d2fba04820ac94967d DependenciesID=402dcce59a6ba31a1e1c5bb0bdfa5930 StaticDependenciesID=9adc835e06b603e73512c0d2d1ea4d20 
Number of updated asset objects reloaded before import = 0
Number of asset objects unloaded after import = 2
========================================================================
Received Import Request.
  Time of request: 2026-09-20T01:51:06.4931921Z
  Time since last request: 0.0014744 seconds.
  importAddress: GUID: 321f2eede2da7604991a785f9442646e - Path: Assets/Assets/Scripts/UI/Gemini_Generated_Image_rvfce1rvfce1rvfc.jpg - Importer: PreviewImporter
Importing 'GUID: 321f2eede2da7604991a785f9442646e - Path: Assets/Assets/Scripts/UI/Gemini_Generated_Image_rvfce1rvfce1rvfc.jpg - Importer: PreviewImporter' with importer (PreviewImporter)
Imported 'GUID: 321f2eede2da7604991a785f9442646e' -> (Import Result ID: 'f252a96b80cfdea50d6955fc2c23af73') in 0.068 seconds [static and dynamic dependencies]. Details - ImportResultOutputID=ebf21a1cf74b44952107756b05e2e250 DependenciesID=72d94d6be7b0864c5a74716fb55f6cf7 StaticDependenciesID=a5428a98e5064e77e348b1cb58c0b6b6 
Number of updated asset objects reloaded before import = 0
Number of asset objects unloaded after import = 2
========================================================================
Received Prepare
AcceleratorClientConnectionCallback - disconnected - :0
Refreshing native plugins compatible for Editor in 10.21 ms, found 5 plugins.
Unloading 65 Unused Serialized files (Serialized files now loaded: 0)
Unloading 10515 unused Assets / (20.5 MB). Loaded Objects now: 11608.
Memory consumption went from 0.54 GB to 0.52 GB.
Total: 102.334800 ms (FindLiveObjects: 1.810100 ms CreateObjectMapping: 3.519500 ms MarkObjects: 84.427300 ms  DeleteObjects: 12.574800 ms)

Prepare: number of updated asset objects reloaded= 0
========================================================================
Received Import Request.
  Time of request: 2026-09-20T01:52:40.1325856Z
  Time since last request: 93.547409 seconds.
  importAddress: GUID: de77800ba012c0044993b8dc95a021e7 - Path: Assets/Assets/Scripts/UI/Gemini_Generated_Image_evy7wqevy7wqevy7.jpg - Importer: PreviewImporter
Importing 'GUID: de77800ba012c0044993b8dc95a021e7 - Path: Assets/Assets/Scripts/UI/Gemini_Generated_Image_evy7wqevy7wqevy7.jpg - Importer: PreviewImporter' with importer (PreviewImporter)
Imported 'GUID: de77800ba012c0044993b8dc95a021e7' -> (Import Result ID: '0d779e5c072147c58e61664520c62c80') in 0.049 seconds [static and dynamic dependencies]. Details - ImportResultOutputID=167dfdff26fac7ae862e0423e0ab55ea DependenciesID=bb6b69b82440e065776930d70806ccf3 StaticDependenciesID=93b76aeee88accfe8c33500838d1155c 
Number of updated asset objects reloaded before import = 0
Number of asset objects unloaded after import = 2
========================================================================
Received Prepare
AcceleratorClientConnectionCallback - disconnected - :0
[Licensing::Client] Successfully resolved entitlement details
[Licensing::Module] License group:
  Id: F4-2UBE-PX9U-ZMFZ-QQ3W-XXXX
  Product: Unity Personal
  Type: ULF
  Expiration: Unlimited
[Licensing::Module] License group:
  Id: 4674243698606-UnityPersXXXX
  Product: Unity Personal
  Type: Assigned
  Expiration: Unlimited
Begin MonoManager ReloadAssembly
Symbol file LoadedFromMemory is not a mono symbol file
Symbol file LoadedFromMemory is not a mono symbol file
Refreshing native plugins compatible for Editor in 8.96 ms, found 5 plugins.
Native extension for WindowsStandalone target not found
Native extension for WebGL target not found
[Package Manager] Failed to launch server process. Reason: Unity was launched with the -noUpm command-line argument
[Package Manager] Unable to send message (not connected to server process).
[Package Manager] Cannot connect to Unity Package Manager local server
Refreshing native plugins compatible for Editor in 8.60 ms, found 5 plugins.
[Package Manager] Failed to launch server process. Reason: Unity was launched with the -noUpm command-line argument
[Package Manager] Unable to send message (not connected to server process).
[Package Manager] Cannot connect to Unity Package Manager local server
[Licensing::Client] Error: Code 404 while processing request (status: Found 0 entitlement groups and 0 free entitlements matching requested entitlement ids)
[Licensing::Client] Error: Code 404 while processing request (status: Found 0 entitlement groups and 0 free entitlements matching requested entitlement ids)
[Licensing::Client] Error: Code 404 while processing request (status: Found 0 entitlement groups and 0 free entitlements matching requested entitlement ids)
ScheduleIndexationOnStartup MainProcess:False IndexOnStartup:True
Mono: successfully reloaded assembly
- Finished resetting the current domain, in  2.333 seconds
Domain Reload Profiling: 5209ms
	BeginReloadAssembly (555ms)
		DisableScriptedObjects (19ms)
		CreateAndSetChildDomain (169ms)
	RebuildCommonClasses (25ms)
	RebuildNativeTypeToScriptingClass (38ms)
	initialDomainReloadingComplete (246ms)
	LoadAllAssembliesAndSetupDomain (2011ms)
		LoadAssemblies (1265ms)
		AnalyzeDomain (644ms)
			TypeCache.Refresh (21ms)
				TypeCache.ScanAssembly (4ms)
			BuildScriptInfoCaches (613ms)
			ResolveRequiredComponents (7ms)
	FinalizeReload (2335ms)
		SetupLoadedEditorAssemblies (0ms)
			InitializePlatformSupportModulesInManaged (3ms)
			BeforeProcessingInitializeOnLoad (191ms)
			ProcessInitializeOnLoadAttributes (1226ms)
			ProcessInitializeOnLoadMethodAttributes (509ms)
			AfterProcessingInitializeOnLoad (28ms)
		AwakeInstancesAfterBackupRestoration (40ms)
Refreshing native plugins compatible for Editor in 9.87 ms, found 5 plugins.
Unloading 65 Unused Serialized files (Serialized files now loaded: 0)
Unloading 10538 unused Assets / (21.4 MB). Loaded Objects now: 11611.
Memory consumption went from 0.56 GB to 0.54 GB.
Total: 32.472300 ms (FindLiveObjects: 2.203100 ms CreateObjectMapping: 4.782700 ms MarkObjects: 17.604600 ms  DeleteObjects: 7.880200 ms)

Prepare: number of updated asset objects reloaded= 0
========================================================================
Received Prepare
AcceleratorClientConnectionCallback - disconnected - :0
Begin MonoManager ReloadAssembly
Symbol file LoadedFromMemory is not a mono symbol file
Symbol file LoadedFromMemory is not a mono symbol file
Refreshing native plugins compatible for Editor in 9.50 ms, found 5 plugins.
Native extension for WindowsStandalone target not found
Native extension for WebGL target not found
[Package Manager] Failed to launch server process. Reason: Unity was launched with the -noUpm command-line argument
[Package Manager] Unable to send message (not connected to server process).
[Package Manager] Cannot connect to Unity Package Manager local server
Refreshing native plugins compatible for Editor in 10.92 ms, found 5 plugins.
[Package Manager] Failed to launch server process. Reason: Unity was launched with the -noUpm command-line argument
[Package Manager] Unable to send message (not connected to server process).
[Package Manager] Cannot connect to Unity Package Manager local server
[Licensing::Client] Error: Code 404 while processing request (status: Found 0 entitlement groups and 0 free entitlements matching requested entitlement ids)
[Licensing::Client] Error: Code 404 while processing request (status: Found 0 entitlement groups and 0 free entitlements matching requested entitlement ids)
[Licensing::Client] Error: Code 404 while processing request (status: Found 0 entitlement groups and 0 free entitlements matching requested entitlement ids)
ScheduleIndexationOnStartup MainProcess:False IndexOnStartup:True
Mono: successfully reloaded assembly
- Finished resetting the current domain, in  2.804 seconds
Domain Reload Profiling: 5117ms
	BeginReloadAssembly (614ms)
		DisableScriptedObjects (19ms)
		CreateAndSetChildDomain (222ms)
	RebuildCommonClasses (16ms)
	RebuildNativeTypeToScriptingClass (27ms)
	initialDomainReloadingComplete (220ms)
	LoadAllAssembliesAndSetupDomain (1435ms)
		LoadAssemblies (1295ms)
		AnalyzeDomain (31ms)
			TypeCache.Refresh (16ms)
			ResolveRequiredComponents (8ms)
	FinalizeReload (2806ms)
		SetupLoadedEditorAssemblies (0ms)
			InitializePlatformSupportModulesInManaged (4ms)
			BeforeProcessingInitializeOnLoad (210ms)
			ProcessInitializeOnLoadAttributes (1387ms)
			ProcessInitializeOnLoadMethodAttributes (679ms)
			AfterProcessingInitializeOnLoad (33ms)
		AwakeInstancesAfterBackupRestoration (58ms)
Refreshing native plugins compatible for Editor in 11.70 ms, found 5 plugins.
Unloading 65 Unused Serialized files (Serialized files now loaded: 0)
Unloading 10538 unused Assets / (21.8 MB). Loaded Objects now: 11614.
Memory consumption went from 0.56 GB to 0.54 GB.
Total: 45.877700 ms (FindLiveObjects: 1.894300 ms CreateObjectMapping: 6.932100 ms MarkObjects: 24.039100 ms  DeleteObjects: 13.010800 ms)

Prepare: number of updated asset objects reloaded= 0
========================================================================
Received Prepare
AcceleratorClientConnectionCallback - disconnected - :0
Refreshing native plugins compatible for Editor in 8.70 ms, found 5 plugins.
Unloading 65 Unused Serialized files (Serialized files now loaded: 0)
Unloading 65 unused Assets / (13.7 MB). Loaded Objects now: 11614.
Memory consumption went from 0.55 GB to 0.54 GB.
Total: 23.995300 ms (FindLiveObjects: 1.386400 ms CreateObjectMapping: 1.045400 ms MarkObjects: 18.689700 ms  DeleteObjects: 2.872400 ms)

Prepare: number of updated asset objects reloaded= 0
========================================================================
Received Import Request.
  Time of request: 2026-09-20T01:54:21.4212914Z
  Time since last request: 101.2152942 seconds.
  importAddress: GUID: 321f2eede2da7604991a785f9442646e - Path: Assets/Assets/Scripts/UI/Gemini_Generated_Image_rvfce1rvfce1rvfc.jpg - Importer: PreviewImporter
Importing 'GUID: 321f2eede2da7604991a785f9442646e - Path: Assets/Assets/Scripts/UI/Gemini_Generated_Image_rvfce1rvfce1rvfc.jpg - Importer: PreviewImporter' with importer (PreviewImporter)
Imported 'GUID: 321f2eede2da7604991a785f9442646e' -> (Import Result ID: '4af4b339663d8995f1ea416ff2146078') in 0.098 seconds [static and dynamic dependencies]. Details - ImportResultOutputID=071bec255c38ca5d3b51cbe55a9f608d DependenciesID=460bc18c7624d4ac2914c77ee20192d9 StaticDependenciesID=451a78cef401ab73a0e9d839b8e8bc03 
Number of updated asset objects reloaded before import = 0
Number of asset objects unloaded after import = 3
========================================================================
Received Import Request.
  Time of request: 2026-09-20T01:54:26.6276905Z
  Time since last request: 5.090953 seconds.
  importAddress: GUID: 19e0ea1ddf1373341b8bf1d96a665a09 - Path: Assets/Assets/Scripts/UI/Gemini_Generated_Image_qma6n3qma6n3qma6.jpg - Importer: PreviewImporter
Importing 'GUID: 19e0ea1ddf1373341b8bf1d96a665a09 - Path: Assets/Assets/Scripts/UI/Gemini_Generated_Image_qma6n3qma6n3qma6.jpg - Importer: PreviewImporter' with importer (PreviewImporter)
Imported 'GUID: 19e0ea1ddf1373341b8bf1d96a665a09' -> (Import Result ID: 'ef4d10134250dd9212ebc16c5c94cdfe') in 0.021 seconds [static and dynamic dependencies]. Details - ImportResultOutputID=adf6900f409711fde07bbeec0f0ce753 DependenciesID=d556f6aac907f845281fe59a32d62fc2 StaticDependenciesID=a9671a8bf819e2dffec0c0a570ceea3f 
Number of updated asset objects reloaded before import = 0
Number of asset objects unloaded after import = 3
========================================================================
Received Import Request.
  Time of request: 2026-09-20T01:54:33.6639297Z
  Time since last request: 6.997704 seconds.
  importAddress: GUID: de77800ba012c0044993b8dc95a021e7 - Path: Assets/Assets/Scripts/UI/Gemini_Generated_Image_evy7wqevy7wqevy7.jpg - Importer: PreviewImporter
Importing 'GUID: de77800ba012c0044993b8dc95a021e7 - Path: Assets/Assets/Scripts/UI/Gemini_Generated_Image_evy7wqevy7wqevy7.jpg - Importer: PreviewImporter' with importer (PreviewImporter)
Imported 'GUID: de77800ba012c0044993b8dc95a021e7' -> (Import Result ID: '53b919e442869c7fa31514ab3b679433') in 0.019 seconds [static and dynamic dependencies]. Details - ImportResultOutputID=74828c0f6967da016f608d644e7d5abb DependenciesID=2181dc241bd458e6ac06165423e7ba0d StaticDependenciesID=331e0b6de1fe10dca49c2d99618fedd3 
Number of updated asset objects reloaded before import = 0
Number of asset objects unloaded after import = 3
========================================================================
Received Prepare
AcceleratorClientConnectionCallback - disconnected - :0
[Licensing::Client] Successfully resolved entitlement details
[Licensing::Module] License group:
  Id: F4-2UBE-PX9U-ZMFZ-QQ3W-XXXX
  Product: Unity Personal
  Type: ULF
  Expiration: Unlimited
[Licensing::Module] License group:
  Id: 4674243698606-UnityPersXXXX
  Product: Unity Personal
  Type: Assigned
  Expiration: Unlimited
Begin MonoManager ReloadAssembly
Symbol file LoadedFromMemory is not a mono symbol file
Symbol file LoadedFromMemory is not a mono symbol file
Refreshing native plugins compatible for Editor in 8.66 ms, found 5 plugins.
Native extension for WindowsStandalone target not found
Native extension for WebGL target not found
[Package Manager] Failed to launch server process. Reason: Unity was launched with the -noUpm command-line argument
[Package Manager] Unable to send message (not connected to server process).
[Package Manager] Cannot connect to Unity Package Manager local server
Refreshing native plugins compatible for Editor in 10.46 ms, found 5 plugins.
[Package Manager] Failed to launch server process. Reason: Unity was launched with the -noUpm command-line argument
[Package Manager] Unable to send message (not connected to server process).
[Package Manager] Cannot connect to Unity Package Manager local server
[Licensing::Client] Error: Code 404 while processing request (status: Found 0 entitlement groups and 0 free entitlements matching requested entitlement ids)
[Licensing::Client] Error: Code 404 while processing request (status: Found 0 entitlement groups and 0 free entitlements matching requested entitlement ids)
[Licensing::Client] Error: Code 404 while processing request (status: Found 0 entitlement groups and 0 free entitlements matching requested entitlement ids)
ScheduleIndexationOnStartup MainProcess:False IndexOnStartup:True
Mono: successfully reloaded assembly
- Finished resetting the current domain, in  2.915 seconds
Domain Reload Profiling: 5188ms
	BeginReloadAssembly (522ms)
		DisableScriptedObjects (18ms)
		CreateAndSetChildDomain (137ms)
	RebuildCommonClasses (21ms)
	RebuildNativeTypeToScriptingClass (34ms)
	initialDomainReloadingComplete (236ms)
	LoadAllAssembliesAndSetupDomain (1458ms)
		LoadAssemblies (1341ms)
		AnalyzeDomain (25ms)
			TypeCache.Refresh (12ms)
			ResolveRequiredComponents (7ms)
	FinalizeReload (2917ms)
		SetupLoadedEditorAssemblies (0ms)
			InitializePlatformSupportModulesInManaged (3ms)
			BeforeProcessingInitializeOnLoad (238ms)
			ProcessInitializeOnLoadAttributes (1635ms)
			ProcessInitializeOnLoadMethodAttributes (597ms)
			AfterProcessingInitializeOnLoad (28ms)
		AwakeInstancesAfterBackupRestoration (46ms)
Refreshing native plugins compatible for Editor in 10.04 ms, found 5 plugins.
Unloading 65 Unused Serialized files (Serialized files now loaded: 0)
Unloading 10538 unused Assets / (21.6 MB). Loaded Objects now: 11619.
Memory consumption went from 0.55 GB to 0.53 GB.
Total: 36.363100 ms (FindLiveObjects: 1.594800 ms CreateObjectMapping: 5.017300 ms MarkObjects: 18.817800 ms  DeleteObjects: 10.931400 ms)

Prepare: number of updated asset objects reloaded= 0
========================================================================
Received Prepare
AcceleratorClientConnectionCallback - disconnected - :0
Refreshing native plugins compatible for Editor in 9.26 ms, found 5 plugins.
Unloading 65 Unused Serialized files (Serialized files now loaded: 0)
Unloading 65 unused Assets / (13.7 MB). Loaded Objects now: 11619.
Memory consumption went from 0.55 GB to 0.54 GB.
Total: 23.520000 ms (FindLiveObjects: 0.818200 ms CreateObjectMapping: 1.180800 ms MarkObjects: 18.548500 ms  DeleteObjects: 2.970100 ms)

Prepare: number of updated asset objects reloaded= 0
========================================================================
Received Prepare
AcceleratorClientConnectionCallback - disconnected - :0
Begin MonoManager ReloadAssembly
Symbol file LoadedFromMemory is not a mono symbol file
Symbol file LoadedFromMemory is not a mono symbol file
Refreshing native plugins compatible for Editor in 10.50 ms, found 5 plugins.
Native extension for WindowsStandalone target not found
Native extension for WebGL target not found
[Package Manager] Failed to launch server process. Reason: Unity was launched with the -noUpm command-line argument
[Package Manager] Unable to send message (not connected to server process).
[Package Manager] Cannot connect to Unity Package Manager local server
Refreshing native plugins compatible for Editor in 14.20 ms, found 5 plugins.
[Package Manager] Failed to launch server process. Reason: Unity was launched with the -noUpm command-line argument
[Package Manager] Unable to send message (not connected to server process).
[Package Manager] Cannot connect to Unity Package Manager local server
[Licensing::Client] Error: Code 404 while processing request (status: Found 0 entitlement groups and 0 free entitlements matching requested entitlement ids)
[Licensing::Client] Error: Code 404 while processing request (status: Found 0 entitlement groups and 0 free entitlements matching requested entitlement ids)
[Licensing::Client] Error: Code 404 while processing request (status: Found 0 entitlement groups and 0 free entitlements matching requested entitlement ids)
ScheduleIndexationOnStartup MainProcess:False IndexOnStartup:True
Mono: successfully reloaded assembly
- Finished resetting the current domain, in  3.323 seconds
Domain Reload Profiling: 5426ms
	BeginReloadAssembly (478ms)
		DisableScriptedObjects (16ms)
		CreateAndSetChildDomain (136ms)
	RebuildCommonClasses (15ms)
	RebuildNativeTypeToScriptingClass (25ms)
	initialDomainReloadingComplete (208ms)
	LoadAllAssembliesAndSetupDomain (1376ms)
		LoadAssemblies (1224ms)
		AnalyzeDomain (26ms)
			TypeCache.Refresh (13ms)
			ResolveRequiredComponents (7ms)
	FinalizeReload (3325ms)
		SetupLoadedEditorAssemblies (0ms)
			InitializePlatformSupportModulesInManaged (4ms)
			BeforeProcessingInitializeOnLoad (243ms)
			ProcessInitializeOnLoadAttributes (1708ms)
			ProcessInitializeOnLoadMethodAttributes (738ms)
			AfterProcessingInitializeOnLoad (31ms)
		AwakeInstancesAfterBackupRestoration (47ms)
Refreshing native plugins compatible for Editor in 9.91 ms, found 5 plugins.
Unloading 65 Unused Serialized files (Serialized files now loaded: 0)
Unloading 10538 unused Assets / (21.5 MB). Loaded Objects now: 11622.
Memory consumption went from 0.56 GB to 0.54 GB.
Total: 40.801800 ms (FindLiveObjects: 1.836100 ms CreateObjectMapping: 4.827100 ms MarkObjects: 23.260900 ms  DeleteObjects: 10.876400 ms)

Prepare: number of updated asset objects reloaded= 0
========================================================================
Received Prepare
AcceleratorClientConnectionCallback - disconnected - :0
[Licensing::Client] Successfully resolved entitlement details
[Licensing::Module] License group:
  Id: F4-2UBE-PX9U-ZMFZ-QQ3W-XXXX
  Product: Unity Personal
  Type: ULF
  Expiration: Unlimited
[Licensing::Module] License group:
  Id: 4674243698606-UnityPersXXXX
  Product: Unity Personal
  Type: Assigned
  Expiration: Unlimited
Begin MonoManager ReloadAssembly
Symbol file LoadedFromMemory is not a mono symbol file
Symbol file LoadedFromMemory is not a mono symbol file
Refreshing native plugins compatible for Editor in 9.41 ms, found 5 plugins.
Native extension for WindowsStandalone target not found
Native extension for WebGL target not found
[Package Manager] Failed to launch server process. Reason: Unity was launched with the -noUpm command-line argument
[Package Manager] Unable to send message (not connected to server process).
[Package Manager] Cannot connect to Unity Package Manager local server
Refreshing native plugins compatible for Editor in 12.17 ms, found 5 plugins.
[Package Manager] Failed to launch server process. Reason: Unity was launched with the -noUpm command-line argument
[Package Manager] Unable to send message (not connected to server process).
[Package Manager] Cannot connect to Unity Package Manager local server
[Licensing::Client] Error: Code 404 while processing request (status: Found 0 entitlement groups and 0 free entitlements matching requested entitlement ids)
[Licensing::Client] Error: Code 404 while processing request (status: Found 0 entitlement groups and 0 free entitlements matching requested entitlement ids)
[Licensing::Client] Error: Code 404 while processing request (status: Found 0 entitlement groups and 0 free entitlements matching requested entitlement ids)
ScheduleIndexationOnStartup MainProcess:False IndexOnStartup:True
Mono: successfully reloaded assembly
- Finished resetting the current domain, in  2.457 seconds
Domain Reload Profiling: 6246ms
	BeginReloadAssembly (960ms)
		DisableScriptedObjects (66ms)
		CreateAndSetChildDomain (245ms)
	RebuildCommonClasses (17ms)
	RebuildNativeTypeToScriptingClass (27ms)
	initialDomainReloadingComplete (282ms)
	LoadAllAssembliesAndSetupDomain (2502ms)
		LoadAssemblies (1782ms)
		AnalyzeDomain (701ms)
			TypeCache.Refresh (33ms)
				TypeCache.ScanAssembly (5ms)
			BuildScriptInfoCaches (656ms)
			ResolveRequiredComponents (7ms)
	FinalizeReload (2458ms)
		SetupLoadedEditorAssemblies (0ms)
			InitializePlatformSupportModulesInManaged (3ms)
			BeforeProcessingInitializeOnLoad (197ms)
			ProcessInitializeOnLoadAttributes (1357ms)
			ProcessInitializeOnLoadMethodAttributes (497ms)
			AfterProcessingInitializeOnLoad (26ms)
		AwakeInstancesAfterBackupRestoration (36ms)
Refreshing native plugins compatible for Editor in 8.76 ms, found 5 plugins.
Unloading 65 Unused Serialized files (Serialized files now loaded: 0)
Unloading 10538 unused Assets / (20.8 MB). Loaded Objects now: 11625.
Memory consumption went from 0.58 GB to 0.56 GB.
Total: 29.987600 ms (FindLiveObjects: 2.111800 ms CreateObjectMapping: 3.220900 ms MarkObjects: 17.215000 ms  DeleteObjects: 7.436500 ms)

Prepare: number of updated asset objects reloaded= 0
========================================================================
Received Prepare
AcceleratorClientConnectionCallback - disconnected - :0
[Licensing::Client] Successfully resolved entitlement details
[Licensing::Module] License group:
  Id: F4-2UBE-PX9U-ZMFZ-QQ3W-XXXX
  Product: Unity Personal
  Type: ULF
  Expiration: Unlimited
[Licensing::Module] License group:
  Id: 4674243698606-UnityPersXXXX
  Product: Unity Personal
  Type: Assigned
  Expiration: Unlimited
Begin MonoManager ReloadAssembly
Symbol file LoadedFromMemory is not a mono symbol file
Symbol file LoadedFromMemory is not a mono symbol file
Refreshing native plugins compatible for Editor in 10.41 ms, found 5 plugins.
Native extension for WindowsStandalone target not found
Native extension for WebGL target not found
[Package Manager] Failed to launch server process. Reason: Unity was launched with the -noUpm command-line argument
[Package Manager] Unable to send message (not connected to server process).
[Package Manager] Cannot connect to Unity Package Manager local server
Refreshing native plugins compatible for Editor in 11.60 ms, found 5 plugins.
[Package Manager] Failed to launch server process. Reason: Unity was launched with the -noUpm command-line argument
[Package Manager] Unable to send message (not connected to server process).
[Package Manager] Cannot connect to Unity Package Manager local server
[Licensing::Client] Error: Code 404 while processing request (status: Found 0 entitlement groups and 0 free entitlements matching requested entitlement ids)
[Licensing::Client] Error: Code 404 while processing request (status: Found 0 entitlement groups and 0 free entitlements matching requested entitlement ids)
[Licensing::Client] Error: Code 404 while processing request (status: Found 0 entitlement groups and 0 free entitlements matching requested entitlement ids)
ScheduleIndexationOnStartup MainProcess:False IndexOnStartup:True
Mono: successfully reloaded assembly
- Finished resetting the current domain, in  2.934 seconds
Domain Reload Profiling: 5760ms
	BeginReloadAssembly (803ms)
		DisableScriptedObjects (25ms)
		CreateAndSetChildDomain (268ms)
	RebuildCommonClasses (22ms)
	RebuildNativeTypeToScriptingClass (52ms)
	initialDomainReloadingComplete (414ms)
	LoadAllAssembliesAndSetupDomain (1534ms)
		LoadAssemblies (1508ms)
		AnalyzeDomain (29ms)
			TypeCache.Refresh (14ms)
			ResolveRequiredComponents (8ms)
	FinalizeReload (2935ms)
		SetupLoadedEditorAssemblies (0ms)
			InitializePlatformSupportModulesInManaged (4ms)
			BeforeProcessingInitializeOnLoad (296ms)
			ProcessInitializeOnLoadAttributes (1504ms)
			ProcessInitializeOnLoadMethodAttributes (594ms)
			AfterProcessingInitializeOnLoad (30ms)
		AwakeInstancesAfterBackupRestoration (44ms)
Refreshing native plugins compatible for Editor in 9.43 ms, found 5 plugins.
Unloading 65 Unused Serialized files (Serialized files now loaded: 0)
Unloading 10538 unused Assets / (21.0 MB). Loaded Objects now: 11628.
Memory consumption went from 0.58 GB to 0.56 GB.
Total: 41.890200 ms (FindLiveObjects: 1.792800 ms CreateObjectMapping: 3.863700 ms MarkObjects: 25.558500 ms  DeleteObjects: 10.672900 ms)

Prepare: number of updated asset objects reloaded= 0
========================================================================
Received Prepare
AcceleratorClientConnectionCallback - disconnected - :0
[Licensing::Client] Successfully resolved entitlement details
[Licensing::Module] License group:
  Id: F4-2UBE-PX9U-ZMFZ-QQ3W-XXXX
  Product: Unity Personal
  Type: ULF
  Expiration: Unlimited
[Licensing::Module] License group:
  Id: 4674243698606-UnityPersXXXX
  Product: Unity Personal
  Type: Assigned
  Expiration: Unlimited
Begin MonoManager ReloadAssembly
Symbol file LoadedFromMemory is not a mono symbol file
Symbol file LoadedFromMemory is not a mono symbol file
Refreshing native plugins compatible for Editor in 8.83 ms, found 5 plugins.
Native extension for WindowsStandalone target not found
Native extension for WebGL target not found
[Package Manager] Failed to launch server process. Reason: Unity was launched with the -noUpm command-line argument
[Package Manager] Unable to send message (not connected to server process).
[Package Manager] Cannot connect to Unity Package Manager local server
Refreshing native plugins compatible for Editor in 9.34 ms, found 5 plugins.
[Package Manager] Failed to launch server process. Reason: Unity was launched with the -noUpm command-line argument
[Package Manager] Unable to send message (not connected to server process).
[Package Manager] Cannot connect to Unity Package Manager local server
[Licensing::Client] Error: Code 404 while processing request (status: Found 0 entitlement groups and 0 free entitlements matching requested entitlement ids)
[Licensing::Client] Error: Code 404 while processing request (status: Found 0 entitlement groups and 0 free entitlements matching requested entitlement ids)
[Licensing::Client] Error: Code 404 while processing request (status: Found 0 entitlement groups and 0 free entitlements matching requested entitlement ids)
ScheduleIndexationOnStartup MainProcess:False IndexOnStartup:True
Mono: successfully reloaded assembly
- Finished resetting the current domain, in  2.516 seconds
Domain Reload Profiling: 5710ms
	BeginReloadAssembly (651ms)
		DisableScriptedObjects (20ms)
		CreateAndSetChildDomain (250ms)
	RebuildCommonClasses (16ms)
	RebuildNativeTypeToScriptingClass (26ms)
	initialDomainReloadingComplete (209ms)
	LoadAllAssembliesAndSetupDomain (2288ms)
		LoadAssemblies (1399ms)
		AnalyzeDomain (775ms)
			TypeCache.Refresh (23ms)
				TypeCache.ScanAssembly (4ms)
			BuildScriptInfoCaches (741ms)
			ResolveRequiredComponents (7ms)
	FinalizeReload (2519ms)
		SetupLoadedEditorAssemblies (0ms)
			InitializePlatformSupportModulesInManaged (4ms)
			BeforeProcessingInitializeOnLoad (246ms)
			ProcessInitializeOnLoadAttributes (1312ms)
			ProcessInitializeOnLoadMethodAttributes (504ms)
			AfterProcessingInitializeOnLoad (28ms)
		AwakeInstancesAfterBackupRestoration (55ms)
Refreshing native plugins compatible for Editor in 9.15 ms, found 5 plugins.
Unloading 65 Unused Serialized files (Serialized files now loaded: 0)
Unloading 10538 unused Assets / (21.2 MB). Loaded Objects now: 11631.
Memory consumption went from 0.59 GB to 0.57 GB.
Total: 31.613900 ms (FindLiveObjects: 1.542500 ms CreateObjectMapping: 3.229400 ms MarkObjects: 18.105300 ms  DeleteObjects: 8.735100 ms)

Prepare: number of updated asset objects reloaded= 0
========================================================================
Received Prepare
AcceleratorClientConnectionCallback - disconnected - :0
Begin MonoManager ReloadAssembly
Symbol file LoadedFromMemory is not a mono symbol file
Symbol file LoadedFromMemory is not a mono symbol file
Refreshing native plugins compatible for Editor in 16.19 ms, found 5 plugins.
Native extension for WindowsStandalone target not found
Native extension for WebGL target not found
[Package Manager] Failed to launch server process. Reason: Unity was launched with the -noUpm command-line argument
[Package Manager] Unable to send message (not connected to server process).
[Package Manager] Cannot connect to Unity Package Manager local server
Refreshing native plugins compatible for Editor in 10.83 ms, found 5 plugins.
[Package Manager] Failed to launch server process. Reason: Unity was launched with the -noUpm command-line argument
[Package Manager] Unable to send message (not connected to server process).
[Package Manager] Cannot connect to Unity Package Manager local server
[Licensing::Client] Error: Code 404 while processing request (status: Found 0 entitlement groups and 0 free entitlements matching requested entitlement ids)
[Licensing::Client] Error: Code 404 while processing request (status: Found 0 entitlement groups and 0 free entitlements matching requested entitlement ids)
[Licensing::Client] Error: Code 404 while processing request (status: Found 0 entitlement groups and 0 free entitlements matching requested entitlement ids)
ScheduleIndexationOnStartup MainProcess:False IndexOnStartup:True
Mono: successfully reloaded assembly
- Finished resetting the current domain, in  2.653 seconds
Domain Reload Profiling: 4896ms
	BeginReloadAssembly (491ms)
		DisableScriptedObjects (16ms)
		CreateAndSetChildDomain (150ms)
	RebuildCommonClasses (16ms)
	RebuildNativeTypeToScriptingClass (25ms)
	initialDomainReloadingComplete (216ms)
	LoadAllAssembliesAndSetupDomain (1493ms)
		LoadAssemblies (1340ms)
		AnalyzeDomain (27ms)
			TypeCache.Refresh (12ms)
			ResolveRequiredComponents (8ms)
	FinalizeReload (2654ms)
		SetupLoadedEditorAssemblies (0ms)
			InitializePlatformSupportModulesInManaged (4ms)
			BeforeProcessingInitializeOnLoad (227ms)
			ProcessInitializeOnLoadAttributes (1472ms)
			ProcessInitializeOnLoadMethodAttributes (484ms)
			AfterProcessingInitializeOnLoad (27ms)
		AwakeInstancesAfterBackupRestoration (36ms)
Refreshing native plugins compatible for Editor in 8.57 ms, found 5 plugins.
Unloading 65 Unused Serialized files (Serialized files now loaded: 0)
Unloading 10538 unused Assets / (21.2 MB). Loaded Objects now: 11634.
Memory consumption went from 0.60 GB to 0.57 GB.
Total: 31.632400 ms (FindLiveObjects: 1.691100 ms CreateObjectMapping: 3.644300 ms MarkObjects: 18.613000 ms  DeleteObjects: 7.682200 ms)

Prepare: number of updated asset objects reloaded= 0
========================================================================
Received Prepare
AcceleratorClientConnectionCallback - disconnected - :0
Refreshing native plugins compatible for Editor in 9.85 ms, found 5 plugins.
Unloading 65 Unused Serialized files (Serialized files now loaded: 0)
Unloading 10515 unused Assets / (22.5 MB). Loaded Objects now: 11634.
Memory consumption went from 0.60 GB to 0.58 GB.
Total: 52.308700 ms (FindLiveObjects: 2.380000 ms CreateObjectMapping: 8.429000 ms MarkObjects: 28.465400 ms  DeleteObjects: 13.032300 ms)

Prepare: number of updated asset objects reloaded= 0
========================================================================
Received Prepare
AcceleratorClientConnectionCallback - disconnected - :0
[Licensing::Client] Successfully resolved entitlement details
[Licensing::Module] License group:
  Id: F4-2UBE-PX9U-ZMFZ-QQ3W-XXXX
  Product: Unity Personal
  Type: ULF
  Expiration: Unlimited
[Licensing::Module] License group:
  Id: 4674243698606-UnityPersXXXX
  Product: Unity Personal
  Type: Assigned
  Expiration: Unlimited
Begin MonoManager ReloadAssembly
Symbol file LoadedFromMemory is not a mono symbol file
Symbol file LoadedFromMemory is not a mono symbol file
Refreshing native plugins compatible for Editor in 9.09 ms, found 5 plugins.
Native extension for WindowsStandalone target not found
Native extension for WebGL target not found
[Package Manager] Failed to launch server process. Reason: Unity was launched with the -noUpm command-line argument
[Package Manager] Unable to send message (not connected to server process).
[Package Manager] Cannot connect to Unity Package Manager local server
Refreshing native plugins compatible for Editor in 8.81 ms, found 5 plugins.
[Package Manager] Failed to launch server process. Reason: Unity was launched with the -noUpm command-line argument
[Package Manager] Unable to send message (not connected to server process).
[Package Manager] Cannot connect to Unity Package Manager local server
[Licensing::Client] Error: Code 404 while processing request (status: Found 0 entitlement groups and 0 free entitlements matching requested entitlement ids)
[Licensing::Client] Error: Code 404 while processing request (status: Found 0 entitlement groups and 0 free entitlements matching requested entitlement ids)
[Licensing::Client] Error: Code 404 while processing request (status: Found 0 entitlement groups and 0 free entitlements matching requested entitlement ids)
ScheduleIndexationOnStartup MainProcess:False IndexOnStartup:True
Mono: successfully reloaded assembly
- Finished resetting the current domain, in  2.400 seconds
Domain Reload Profiling: 5899ms
	BeginReloadAssembly (544ms)
		DisableScriptedObjects (19ms)
		CreateAndSetChildDomain (165ms)
	RebuildCommonClasses (16ms)
	RebuildNativeTypeToScriptingClass (26ms)
	initialDomainReloadingComplete (338ms)
	LoadAllAssembliesAndSetupDomain (2573ms)
		LoadAssemblies (1728ms)
		AnalyzeDomain (733ms)
			TypeCache.Refresh (30ms)
				TypeCache.ScanAssembly (5ms)
			BuildScriptInfoCaches (693ms)
			ResolveRequiredComponents (7ms)
	FinalizeReload (2402ms)
		SetupLoadedEditorAssemblies (0ms)
			InitializePlatformSupportModulesInManaged (3ms)
			BeforeProcessingInitializeOnLoad (206ms)
			ProcessInitializeOnLoadAttributes (1257ms)
			ProcessInitializeOnLoadMethodAttributes (512ms)
			AfterProcessingInitializeOnLoad (27ms)
		AwakeInstancesAfterBackupRestoration (43ms)
Refreshing native plugins compatible for Editor in 8.69 ms, found 5 plugins.
Unloading 65 Unused Serialized files (Serialized files now loaded: 0)
Unloading 10538 unused Assets / (21.0 MB). Loaded Objects now: 11637.
Memory consumption went from 0.61 GB to 0.59 GB.
Total: 31.019600 ms (FindLiveObjects: 1.732000 ms CreateObjectMapping: 3.633400 ms MarkObjects: 17.502300 ms  DeleteObjects: 8.150500 ms)

Prepare: number of updated asset objects reloaded= 0
========================================================================
Received Prepare
AcceleratorClientConnectionCallback - disconnected - :0
Begin MonoManager ReloadAssembly
Symbol file LoadedFromMemory is not a mono symbol file
Symbol file LoadedFromMemory is not a mono symbol file
Refreshing native plugins compatible for Editor in 9.66 ms, found 5 plugins.
Native extension for WindowsStandalone target not found
Native extension for WebGL target not found
[Package Manager] Failed to launch server process. Reason: Unity was launched with the -noUpm command-line argument
[Package Manager] Unable to send message (not connected to server process).
[Package Manager] Cannot connect to Unity Package Manager local server
Refreshing native plugins compatible for Editor in 10.35 ms, found 5 plugins.
[Package Manager] Failed to launch server process. Reason: Unity was launched with the -noUpm command-line argument
[Package Manager] Unable to send message (not connected to server process).
[Package Manager] Cannot connect to Unity Package Manager local server
[Licensing::Client] Error: Code 404 while processing request (status: Found 0 entitlement groups and 0 free entitlements matching requested entitlement ids)
[Licensing::Client] Error: Code 404 while processing request (status: Found 0 entitlement groups and 0 free entitlements matching requested entitlement ids)
[Licensing::Client] Error: Code 404 while processing request (status: Found 0 entitlement groups and 0 free entitlements matching requested entitlement ids)
ScheduleIndexationOnStartup MainProcess:False IndexOnStartup:True
Mono: successfully reloaded assembly
- Finished resetting the current domain, in  2.896 seconds
Domain Reload Profiling: 4991ms
	BeginReloadAssembly (499ms)
		DisableScriptedObjects (17ms)
		CreateAndSetChildDomain (156ms)
	RebuildCommonClasses (16ms)
	RebuildNativeTypeToScriptingClass (25ms)
	initialDomainReloadingComplete (208ms)
	LoadAllAssembliesAndSetupDomain (1346ms)
		LoadAssemblies (1210ms)
		AnalyzeDomain (27ms)
			TypeCache.Refresh (13ms)
			ResolveRequiredComponents (8ms)
	FinalizeReload (2897ms)
		SetupLoadedEditorAssemblies (0ms)
			InitializePlatformSupportModulesInManaged (4ms)
			BeforeProcessingInitializeOnLoad (227ms)
			ProcessInitializeOnLoadAttributes (1681ms)
			ProcessInitializeOnLoadMethodAttributes (473ms)
			AfterProcessingInitializeOnLoad (26ms)
		AwakeInstancesAfterBackupRestoration (49ms)
Refreshing native plugins compatible for Editor in 9.90 ms, found 5 plugins.
Unloading 65 Unused Serialized files (Serialized files now loaded: 0)
Unloading 10538 unused Assets / (22.0 MB). Loaded Objects now: 11640.
Memory consumption went from 0.61 GB to 0.59 GB.
Total: 37.099700 ms (FindLiveObjects: 1.737900 ms CreateObjectMapping: 4.793100 ms MarkObjects: 20.070800 ms  DeleteObjects: 10.496400 ms)

Prepare: number of updated asset objects reloaded= 0
========================================================================
Received Prepare
AcceleratorClientConnectionCallback - disconnected - :0
[Licensing::Client] Successfully resolved entitlement details
[Licensing::Module] License group:
  Id: F4-2UBE-PX9U-ZMFZ-QQ3W-XXXX
  Product: Unity Personal
  Type: ULF
  Expiration: Unlimited
[Licensing::Module] License group:
  Id: 4674243698606-UnityPersXXXX
  Product: Unity Personal
  Type: Assigned
  Expiration: Unlimited
Begin MonoManager ReloadAssembly
Symbol file LoadedFromMemory is not a mono symbol file
Symbol file LoadedFromMemory is not a mono symbol file
Refreshing native plugins compatible for Editor in 9.39 ms, found 5 plugins.
Native extension for WindowsStandalone target not found
Native extension for WebGL target not found
[Package Manager] Failed to launch server process. Reason: Unity was launched with the -noUpm command-line argument
[Package Manager] Unable to send message (not connected to server process).
[Package Manager] Cannot connect to Unity Package Manager local server
Refreshing native plugins compatible for Editor in 13.06 ms, found 5 plugins.
[Package Manager] Failed to launch server process. Reason: Unity was launched with the -noUpm command-line argument
[Package Manager] Unable to send message (not connected to server process).
[Package Manager] Cannot connect to Unity Package Manager local server
[Licensing::Client] Error: Code 404 while processing request (status: Found 0 entitlement groups and 0 free entitlements matching requested entitlement ids)
[Licensing::Client] Error: Code 404 while processing request (status: Found 0 entitlement groups and 0 free entitlements matching requested entitlement ids)
[Licensing::Client] Error: Code 404 while processing request (status: Found 0 entitlement groups and 0 free entitlements matching requested entitlement ids)
ScheduleIndexationOnStartup MainProcess:False IndexOnStartup:True
Mono: successfully reloaded assembly
- Finished resetting the current domain, in  2.646 seconds
Domain Reload Profiling: 5960ms
	BeginReloadAssembly (632ms)
		DisableScriptedObjects (39ms)
		CreateAndSetChildDomain (163ms)
	RebuildCommonClasses (17ms)
	RebuildNativeTypeToScriptingClass (26ms)
	initialDomainReloadingComplete (241ms)
	LoadAllAssembliesAndSetupDomain (2396ms)
		LoadAssemblies (1599ms)
		AnalyzeDomain (714ms)
			TypeCache.Refresh (26ms)
				TypeCache.ScanAssembly (4ms)
			BuildScriptInfoCaches (677ms)
			ResolveRequiredComponents (8ms)
	FinalizeReload (2647ms)
		SetupLoadedEditorAssemblies (0ms)
			InitializePlatformSupportModulesInManaged (4ms)
			BeforeProcessingInitializeOnLoad (210ms)
			ProcessInitializeOnLoadAttributes (1372ms)
			ProcessInitializeOnLoadMethodAttributes (602ms)
			AfterProcessingInitializeOnLoad (28ms)
		AwakeInstancesAfterBackupRestoration (45ms)
Refreshing native plugins compatible for Editor in 9.72 ms, found 5 plugins.
Unloading 65 Unused Serialized files (Serialized files now loaded: 0)
Unloading 10538 unused Assets / (21.3 MB). Loaded Objects now: 11643.
Memory consumption went from 0.62 GB to 0.60 GB.
Total: 34.620400 ms (FindLiveObjects: 1.569900 ms CreateObjectMapping: 4.963300 ms MarkObjects: 18.385100 ms  DeleteObjects: 9.698200 ms)

Prepare: number of updated asset objects reloaded= 0
========================================================================
Received Prepare
AcceleratorClientConnectionCallback - disconnected - :0
Begin MonoManager ReloadAssembly
Symbol file LoadedFromMemory is not a mono symbol file
Symbol file LoadedFromMemory is not a mono symbol file
Refreshing native plugins compatible for Editor in 11.45 ms, found 5 plugins.
Native extension for WindowsStandalone target not found
Native extension for WebGL target not found
[Package Manager] Failed to launch server process. Reason: Unity was launched with the -noUpm command-line argument
[Package Manager] Unable to send message (not connected to server process).
[Package Manager] Cannot connect to Unity Package Manager local server
Refreshing native plugins compatible for Editor in 10.74 ms, found 5 plugins.
[Package Manager] Failed to launch server process. Reason: Unity was launched with the -noUpm command-line argument
[Package Manager] Unable to send message (not connected to server process).
[Package Manager] Cannot connect to Unity Package Manager local server
[Licensing::Client] Error: Code 404 while processing request (status: Found 0 entitlement groups and 0 free entitlements matching requested entitlement ids)
[Licensing::Client] Error: Code 404 while processing request (status: Found 0 entitlement groups and 0 free entitlements matching requested entitlement ids)
[Licensing::Client] Error: Code 404 while processing request (status: Found 0 entitlement groups and 0 free entitlements matching requested entitlement ids)
ScheduleIndexationOnStartup MainProcess:False IndexOnStartup:True
Mono: successfully reloaded assembly
- Finished resetting the current domain, in  2.887 seconds
Domain Reload Profiling: 5140ms
	BeginReloadAssembly (567ms)
		DisableScriptedObjects (17ms)
		CreateAndSetChildDomain (172ms)
	RebuildCommonClasses (22ms)
	RebuildNativeTypeToScriptingClass (30ms)
	initialDomainReloadingComplete (228ms)
	LoadAllAssembliesAndSetupDomain (1403ms)
		LoadAssemblies (1305ms)
		AnalyzeDomain (26ms)
			TypeCache.Refresh (13ms)
			ResolveRequiredComponents (7ms)
	FinalizeReload (2891ms)
		SetupLoadedEditorAssemblies (0ms)
			InitializePlatformSupportModulesInManaged (4ms)
			BeforeProcessingInitializeOnLoad (234ms)
			ProcessInitializeOnLoadAttributes (1536ms)
			ProcessInitializeOnLoadMethodAttributes (600ms)
			AfterProcessingInitializeOnLoad (30ms)
		AwakeInstancesAfterBackupRestoration (46ms)
Refreshing native plugins compatible for Editor in 9.70 ms, found 5 plugins.
Unloading 65 Unused Serialized files (Serialized files now loaded: 0)
Unloading 10538 unused Assets / (21.6 MB). Loaded Objects now: 11646.
Memory consumption went from 0.62 GB to 0.60 GB.
Total: 38.905300 ms (FindLiveObjects: 1.817200 ms CreateObjectMapping: 4.811900 ms MarkObjects: 20.864700 ms  DeleteObjects: 11.409400 ms)

Prepare: number of updated asset objects reloaded= 0
========================================================================
Received Prepare
AcceleratorClientConnectionCallback - disconnected - :0
[Licensing::Client] Successfully resolved entitlement details
[Licensing::Module] License group:
  Id: F4-2UBE-PX9U-ZMFZ-QQ3W-XXXX
  Product: Unity Personal
  Type: ULF
  Expiration: Unlimited
[Licensing::Module] License group:
  Id: 4674243698606-UnityPersXXXX
  Product: Unity Personal
  Type: Assigned
  Expiration: Unlimited
Begin MonoManager ReloadAssembly
Symbol file LoadedFromMemory is not a mono symbol file
Symbol file LoadedFromMemory is not a mono symbol file
Refreshing native plugins compatible for Editor in 8.73 ms, found 5 plugins.
Native extension for WindowsStandalone target not found
Native extension for WebGL target not found
[Package Manager] Failed to launch server process. Reason: Unity was launched with the -noUpm command-line argument
[Package Manager] Unable to send message (not connected to server process).
[Package Manager] Cannot connect to Unity Package Manager local server
Refreshing native plugins compatible for Editor in 8.49 ms, found 5 plugins.
[Package Manager] Failed to launch server process. Reason: Unity was launched with the -noUpm command-line argument
[Package Manager] Unable to send message (not connected to server process).
[Package Manager] Cannot connect to Unity Package Manager local server
[Licensing::Client] Error: Code 404 while processing request (status: Found 0 entitlement groups and 0 free entitlements matching requested entitlement ids)
[Licensing::Client] Error: Code 404 while processing request (status: Found 0 entitlement groups and 0 free entitlements matching requested entitlement ids)
[Licensing::Client] Error: Code 404 while processing request (status: Found 0 entitlement groups and 0 free entitlements matching requested entitlement ids)
ScheduleIndexationOnStartup MainProcess:False IndexOnStartup:True
Mono: successfully reloaded assembly
- Finished resetting the current domain, in  2.451 seconds
Domain Reload Profiling: 6583ms
	BeginReloadAssembly (1163ms)
		DisableScriptedObjects (27ms)
		CreateAndSetChildDomain (252ms)
	RebuildCommonClasses (20ms)
	RebuildNativeTypeToScriptingClass (30ms)
	initialDomainReloadingComplete (236ms)
	LoadAllAssembliesAndSetupDomain (2683ms)
		LoadAssemblies (2350ms)
		AnalyzeDomain (698ms)
			TypeCache.Refresh (25ms)
				TypeCache.ScanAssembly (4ms)
			BuildScriptInfoCaches (662ms)
			ResolveRequiredComponents (7ms)
	FinalizeReload (2452ms)
		SetupLoadedEditorAssemblies (0ms)
			InitializePlatformSupportModulesInManaged (4ms)
			BeforeProcessingInitializeOnLoad (213ms)
			ProcessInitializeOnLoadAttributes (1296ms)
			ProcessInitializeOnLoadMethodAttributes (511ms)
			AfterProcessingInitializeOnLoad (30ms)
		AwakeInstancesAfterBackupRestoration (37ms)
Refreshing native plugins compatible for Editor in 8.85 ms, found 5 plugins.
Unloading 65 Unused Serialized files (Serialized files now loaded: 0)
Unloading 10538 unused Assets / (21.8 MB). Loaded Objects now: 11649.
Memory consumption went from 0.64 GB to 0.62 GB.
Total: 35.258300 ms (FindLiveObjects: 1.781300 ms CreateObjectMapping: 3.867600 ms MarkObjects: 19.193800 ms  DeleteObjects: 10.414100 ms)

Prepare: number of updated asset objects reloaded= 0
========================================================================
Received Prepare
AcceleratorClientConnectionCallback - disconnected - :0
Begin MonoManager ReloadAssembly
Symbol file LoadedFromMemory is not a mono symbol file
Symbol file LoadedFromMemory is not a mono symbol file
Refreshing native plugins compatible for Editor in 11.71 ms, found 5 plugins.
Native extension for WindowsStandalone target not found
Native extension for WebGL target not found
[Package Manager] Failed to launch server process. Reason: Unity was launched with the -noUpm command-line argument
[Package Manager] Unable to send message (not connected to server process).
[Package Manager] Cannot connect to Unity Package Manager local server
Refreshing native plugins compatible for Editor in 10.74 ms, found 5 plugins.
[Package Manager] Failed to launch server process. Reason: Unity was launched with the -noUpm command-line argument
[Package Manager] Unable to send message (not connected to server process).
[Package Manager] Cannot connect to Unity Package Manager local server
[Licensing::Client] Error: Code 404 while processing request (status: Found 0 entitlement groups and 0 free entitlements matching requested entitlement ids)
[Licensing::Client] Error: Code 404 while processing request (status: Found 0 entitlement groups and 0 free entitlements matching requested entitlement ids)
[Licensing::Client] Error: Code 404 while processing request (status: Found 0 entitlement groups and 0 free entitlements matching requested entitlement ids)
ScheduleIndexationOnStartup MainProcess:False IndexOnStartup:True
Mono: successfully reloaded assembly
- Finished resetting the current domain, in  2.893 seconds
Domain Reload Profiling: 5086ms
	BeginReloadAssembly (529ms)
		DisableScriptedObjects (16ms)
		CreateAndSetChildDomain (173ms)
	RebuildCommonClasses (16ms)
	RebuildNativeTypeToScriptingClass (26ms)
	initialDomainReloadingComplete (209ms)
	LoadAllAssembliesAndSetupDomain (1413ms)
		LoadAssemblies (1230ms)
		AnalyzeDomain (27ms)
			TypeCache.Refresh (13ms)
			ResolveRequiredComponents (8ms)
	FinalizeReload (2894ms)
		SetupLoadedEditorAssemblies (0ms)
			InitializePlatformSupportModulesInManaged (4ms)
			BeforeProcessingInitializeOnLoad (231ms)
			ProcessInitializeOnLoadAttributes (1654ms)
			ProcessInitializeOnLoadMethodAttributes (531ms)
			AfterProcessingInitializeOnLoad (26ms)
		AwakeInstancesAfterBackupRestoration (42ms)
Refreshing native plugins compatible for Editor in 8.58 ms, found 5 plugins.
Unloading 65 Unused Serialized files (Serialized files now loaded: 0)
Unloading 10538 unused Assets / (21.4 MB). Loaded Objects now: 11652.
Memory consumption went from 0.64 GB to 0.62 GB.
Total: 31.397800 ms (FindLiveObjects: 1.527800 ms CreateObjectMapping: 3.525000 ms MarkObjects: 18.220300 ms  DeleteObjects: 8.123300 ms)

Prepare: number of updated asset objects reloaded= 0
========================================================================
Received Prepare
AcceleratorClientConnectionCallback - disconnected - :0
[Licensing::Client] Successfully resolved entitlement details
[Licensing::Module] License group:
  Id: F4-2UBE-PX9U-ZMFZ-QQ3W-XXXX
  Product: Unity Personal
  Type: ULF
  Expiration: Unlimited
[Licensing::Module] License group:
  Id: 4674243698606-UnityPersXXXX
  Product: Unity Personal
  Type: Assigned
  Expiration: Unlimited
Begin MonoManager ReloadAssembly
Symbol file LoadedFromMemory is not a mono symbol file
Symbol file LoadedFromMemory is not a mono symbol file
Refreshing native plugins compatible for Editor in 10.49 ms, found 5 plugins.
Native extension for WindowsStandalone target not found
Native extension for WebGL target not found
[Package Manager] Failed to launch server process. Reason: Unity was launched with the -noUpm command-line argument
[Package Manager] Unable to send message (not connected to server process).
[Package Manager] Cannot connect to Unity Package Manager local server
Refreshing native plugins compatible for Editor in 9.23 ms, found 5 plugins.
[Package Manager] Failed to launch server process. Reason: Unity was launched with the -noUpm command-line argument
[Package Manager] Unable to send message (not connected to server process).
[Package Manager] Cannot connect to Unity Package Manager local server
[Licensing::Client] Error: Code 404 while processing request (status: Found 0 entitlement groups and 0 free entitlements matching requested entitlement ids)
[Licensing::Client] Error: Code 404 while processing request (status: Found 0 entitlement groups and 0 free entitlements matching requested entitlement ids)
[Licensing::Client] Error: Code 404 while processing request (status: Found 0 entitlement groups and 0 free entitlements matching requested entitlement ids)
ScheduleIndexationOnStartup MainProcess:False IndexOnStartup:True
Mono: successfully reloaded assembly
- Finished resetting the current domain, in  2.515 seconds
Domain Reload Profiling: 6006ms
	BeginReloadAssembly (591ms)
		DisableScriptedObjects (19ms)
		CreateAndSetChildDomain (179ms)
	RebuildCommonClasses (20ms)
	RebuildNativeTypeToScriptingClass (30ms)
	initialDomainReloadingComplete (313ms)
	LoadAllAssembliesAndSetupDomain (2537ms)
		LoadAssemblies (1700ms)
		AnalyzeDomain (706ms)
			TypeCache.Refresh (23ms)
				TypeCache.ScanAssembly (4ms)
			BuildScriptInfoCaches (672ms)
			ResolveRequiredComponents (8ms)
	FinalizeReload (2516ms)
		SetupLoadedEditorAssemblies (0ms)
			InitializePlatformSupportModulesInManaged (3ms)
			BeforeProcessingInitializeOnLoad (203ms)
			ProcessInitializeOnLoadAttributes (1426ms)
			ProcessInitializeOnLoadMethodAttributes (461ms)
			AfterProcessingInitializeOnLoad (26ms)
		AwakeInstancesAfterBackupRestoration (38ms)
Refreshing native plugins compatible for Editor in 9.44 ms, found 5 plugins.
Unloading 65 Unused Serialized files (Serialized files now loaded: 0)
Unloading 10538 unused Assets / (21.3 MB). Loaded Objects now: 11655.
Memory consumption went from 0.65 GB to 0.63 GB.
Total: 37.018700 ms (FindLiveObjects: 1.621300 ms CreateObjectMapping: 4.299100 ms MarkObjects: 20.650500 ms  DeleteObjects: 10.446100 ms)

Prepare: number of updated asset objects reloaded= 0
========================================================================
Received Prepare
AcceleratorClientConnectionCallback - disconnected - :0
Begin MonoManager ReloadAssembly
Symbol file LoadedFromMemory is not a mono symbol file
Symbol file LoadedFromMemory is not a mono symbol file
Refreshing native plugins compatible for Editor in 10.11 ms, found 5 plugins.
Native extension for WindowsStandalone target not found
Native extension for WebGL target not found
[Package Manager] Failed to launch server process. Reason: Unity was launched with the -noUpm command-line argument
[Package Manager] Unable to send message (not connected to server process).
[Package Manager] Cannot connect to Unity Package Manager local server
Refreshing native plugins compatible for Editor in 11.48 ms, found 5 plugins.
[Package Manager] Failed to launch server process. Reason: Unity was launched with the -noUpm command-line argument
[Package Manager] Unable to send message (not connected to server process).
[Package Manager] Cannot connect to Unity Package Manager local server
[Licensing::Client] Error: Code 404 while processing request (status: Found 0 entitlement groups and 0 free entitlements matching requested entitlement ids)
[Licensing::Client] Error: Code 404 while processing request (status: Found 0 entitlement groups and 0 free entitlements matching requested entitlement ids)
[Licensing::Client] Error: Code 404 while processing request (status: Found 0 entitlement groups and 0 free entitlements matching requested entitlement ids)
ScheduleIndexationOnStartup MainProcess:False IndexOnStartup:True
Mono: successfully reloaded assembly
- Finished resetting the current domain, in  2.667 seconds
Domain Reload Profiling: 4930ms
	BeginReloadAssembly (514ms)
		DisableScriptedObjects (17ms)
		CreateAndSetChildDomain (158ms)
	RebuildCommonClasses (16ms)
	RebuildNativeTypeToScriptingClass (28ms)
	initialDomainReloadingComplete (245ms)
	LoadAllAssembliesAndSetupDomain (1458ms)
		LoadAssemblies (1332ms)
		AnalyzeDomain (26ms)
			TypeCache.Refresh (13ms)
			ResolveRequiredComponents (7ms)
	FinalizeReload (2669ms)
		SetupLoadedEditorAssemblies (0ms)
			InitializePlatformSupportModulesInManaged (3ms)
			BeforeProcessingInitializeOnLoad (227ms)
			ProcessInitializeOnLoadAttributes (1465ms)
			ProcessInitializeOnLoadMethodAttributes (489ms)
			AfterProcessingInitializeOnLoad (26ms)
		AwakeInstancesAfterBackupRestoration (36ms)
Refreshing native plugins compatible for Editor in 8.97 ms, found 5 plugins.
Unloading 65 Unused Serialized files (Serialized files now loaded: 0)
Unloading 10538 unused Assets / (21.5 MB). Loaded Objects now: 11658.
Memory consumption went from 0.65 GB to 0.63 GB.
Total: 38.668700 ms (FindLiveObjects: 1.975100 ms CreateObjectMapping: 6.097600 ms MarkObjects: 20.255200 ms  DeleteObjects: 10.339200 ms)

Prepare: number of updated asset objects reloaded= 0
========================================================================
Received Prepare
AcceleratorClientConnectionCallback - disconnected - :0
[Licensing::Client] Successfully resolved entitlement details
[Licensing::Module] License group:
  Id: F4-2UBE-PX9U-ZMFZ-QQ3W-XXXX
  Product: Unity Personal
  Type: ULF
  Expiration: Unlimited
[Licensing::Module] License group:
  Id: 4674243698606-UnityPersXXXX
  Product: Unity Personal
  Type: Assigned
  Expiration: Unlimited
Begin MonoManager ReloadAssembly
Symbol file LoadedFromMemory is not a mono symbol file
Symbol file LoadedFromMemory is not a mono symbol file
Refreshing native plugins compatible for Editor in 10.15 ms, found 5 plugins.
Native extension for WindowsStandalone target not found
Native extension for WebGL target not found
[Package Manager] Failed to launch server process. Reason: Unity was launched with the -noUpm command-line argument
[Package Manager] Unable to send message (not connected to server process).
[Package Manager] Cannot connect to Unity Package Manager local server
Refreshing native plugins compatible for Editor in 8.55 ms, found 5 plugins.
[Package Manager] Failed to launch server process. Reason: Unity was launched with the -noUpm command-line argument
[Package Manager] Unable to send message (not connected to server process).
[Package Manager] Cannot connect to Unity Package Manager local server
[Licensing::Client] Error: Code 404 while processing request (status: Found 0 entitlement groups and 0 free entitlements matching requested entitlement ids)
[Licensing::Client] Error: Code 404 while processing request (status: Found 0 entitlement groups and 0 free entitlements matching requested entitlement ids)
[Licensing::Client] Error: Code 404 while processing request (status: Found 0 entitlement groups and 0 free entitlements matching requested entitlement ids)
ScheduleIndexationOnStartup MainProcess:False IndexOnStartup:True
Mono: successfully reloaded assembly
- Finished resetting the current domain, in  2.436 seconds
Domain Reload Profiling: 6580ms
	BeginReloadAssembly (667ms)
		DisableScriptedObjects (43ms)
		CreateAndSetChildDomain (173ms)
	RebuildCommonClasses (17ms)
	RebuildNativeTypeToScriptingClass (28ms)
	initialDomainReloadingComplete (251ms)
	LoadAllAssembliesAndSetupDomain (3179ms)
		LoadAssemblies (2332ms)
		AnalyzeDomain (751ms)
			TypeCache.Refresh (28ms)
				TypeCache.ScanAssembly (5ms)
			BuildScriptInfoCaches (713ms)
			ResolveRequiredComponents (7ms)
	FinalizeReload (2437ms)
		SetupLoadedEditorAssemblies (0ms)
			InitializePlatformSupportModulesInManaged (3ms)
			BeforeProcessingInitializeOnLoad (201ms)
			ProcessInitializeOnLoadAttributes (1277ms)
			ProcessInitializeOnLoadMethodAttributes (527ms)
			AfterProcessingInitializeOnLoad (28ms)
		AwakeInstancesAfterBackupRestoration (52ms)
Refreshing native plugins compatible for Editor in 9.31 ms, found 5 plugins.
Unloading 65 Unused Serialized files (Serialized files now loaded: 0)
Unloading 10538 unused Assets / (21.5 MB). Loaded Objects now: 11661.
Memory consumption went from 0.66 GB to 0.64 GB.
Total: 33.018300 ms (FindLiveObjects: 1.554400 ms CreateObjectMapping: 3.676000 ms MarkObjects: 17.359300 ms  DeleteObjects: 10.426500 ms)

Prepare: number of updated asset objects reloaded= 0
========================================================================
Received Prepare
AcceleratorClientConnectionCallback - disconnected - :0
Begin MonoManager ReloadAssembly
Symbol file LoadedFromMemory is not a mono symbol file
Symbol file LoadedFromMemory is not a mono symbol file
Refreshing native plugins compatible for Editor in 11.10 ms, found 5 plugins.
Native extension for WindowsStandalone target not found
Native extension for WebGL target not found
[Package Manager] Failed to launch server process. Reason: Unity was launched with the -noUpm command-line argument
[Package Manager] Unable to send message (not connected to server process).
[Package Manager] Cannot connect to Unity Package Manager local server
Refreshing native plugins compatible for Editor in 8.93 ms, found 5 plugins.
[Package Manager] Failed to launch server process. Reason: Unity was launched with the -noUpm command-line argument
[Package Manager] Unable to send message (not connected to server process).
[Package Manager] Cannot connect to Unity Package Manager local server
[Licensing::Client] Error: Code 404 while processing request (status: Found 0 entitlement groups and 0 free entitlements matching requested entitlement ids)
[Licensing::Client] Error: Code 404 while processing request (status: Found 0 entitlement groups and 0 free entitlements matching requested entitlement ids)
[Licensing::Client] Error: Code 404 while processing request (status: Found 0 entitlement groups and 0 free entitlements matching requested entitlement ids)
ScheduleIndexationOnStartup MainProcess:False IndexOnStartup:True
Mono: successfully reloaded assembly
- Finished resetting the current domain, in  2.871 seconds
Domain Reload Profiling: 5303ms
	BeginReloadAssembly (514ms)
		DisableScriptedObjects (18ms)
		CreateAndSetChildDomain (164ms)
	RebuildCommonClasses (15ms)
	RebuildNativeTypeToScriptingClass (26ms)
	initialDomainReloadingComplete (215ms)
	LoadAllAssembliesAndSetupDomain (1660ms)
		LoadAssemblies (1498ms)
		AnalyzeDomain (37ms)
			TypeCache.Refresh (17ms)
			ResolveRequiredComponents (12ms)
	FinalizeReload (2873ms)
		SetupLoadedEditorAssemblies (0ms)
			InitializePlatformSupportModulesInManaged (3ms)
			BeforeProcessingInitializeOnLoad (275ms)
			ProcessInitializeOnLoadAttributes (1424ms)
			ProcessInitializeOnLoadMethodAttributes (603ms)
			AfterProcessingInitializeOnLoad (29ms)
		AwakeInstancesAfterBackupRestoration (47ms)
Refreshing native plugins compatible for Editor in 9.76 ms, found 5 plugins.
Unloading 65 Unused Serialized files (Serialized files now loaded: 0)
Unloading 10538 unused Assets / (21.8 MB). Loaded Objects now: 11664.
Memory consumption went from 0.66 GB to 0.64 GB.
Total: 37.943200 ms (FindLiveObjects: 2.674400 ms CreateObjectMapping: 4.950100 ms MarkObjects: 19.509100 ms  DeleteObjects: 10.807400 ms)

Prepare: number of updated asset objects reloaded= 0
========================================================================
Received Prepare
AcceleratorClientConnectionCallback - disconnected - :0
Refreshing native plugins compatible for Editor in 33.39 ms, found 5 plugins.
Unloading 65 Unused Serialized files (Serialized files now loaded: 0)
Unloading 65 unused Assets / (13.7 MB). Loaded Objects now: 11664.
Memory consumption went from 0.66 GB to 0.64 GB.
Total: 284.080400 ms (FindLiveObjects: 4.367800 ms CreateObjectMapping: 9.831900 ms MarkObjects: 266.344000 ms  DeleteObjects: 3.530000 ms)

Prepare: number of updated asset objects reloaded= 0
========================================================================
Received Prepare
AcceleratorClientConnectionCallback - disconnected - :0
[Licensing::Client] Successfully resolved entitlement details
[Licensing::Module] License group:
  Id: F4-2UBE-PX9U-ZMFZ-QQ3W-XXXX
  Product: Unity Personal
  Type: ULF
  Expiration: Unlimited
[Licensing::Module] License group:
  Id: 4674243698606-UnityPersXXXX
  Product: Unity Personal
  Type: Assigned
  Expiration: Unlimited
Begin MonoManager ReloadAssembly
Symbol file LoadedFromMemory is not a mono symbol file
Symbol file LoadedFromMemory is not a mono symbol file
Refreshing native plugins compatible for Editor in 8.39 ms, found 5 plugins.
Native extension for WindowsStandalone target not found
Native extension for WebGL target not found
[Package Manager] Failed to launch server process. Reason: Unity was launched with the -noUpm command-line argument
[Package Manager] Unable to send message (not connected to server process).
[Package Manager] Cannot connect to Unity Package Manager local server
Refreshing native plugins compatible for Editor in 9.06 ms, found 5 plugins.
[Package Manager] Failed to launch server process. Reason: Unity was launched with the -noUpm command-line argument
[Package Manager] Unable to send message (not connected to server process).
[Package Manager] Cannot connect to Unity Package Manager local server
[Licensing::Client] Error: Code 404 while processing request (status: Found 0 entitlement groups and 0 free entitlements matching requested entitlement ids)
[Licensing::Client] Error: Code 404 while processing request (status: Found 0 entitlement groups and 0 free entitlements matching requested entitlement ids)
[Licensing::Client] Error: Code 404 while processing request (status: Found 0 entitlement groups and 0 free entitlements matching requested entitlement ids)
ScheduleIndexationOnStartup MainProcess:False IndexOnStartup:True
Mono: successfully reloaded assembly
- Finished resetting the current domain, in  2.526 seconds
Domain Reload Profiling: 7302ms
	BeginReloadAssembly (1374ms)
		DisableScriptedObjects (62ms)
		CreateAndSetChildDomain (354ms)
	RebuildCommonClasses (51ms)
	RebuildNativeTypeToScriptingClass (100ms)
	initialDomainReloadingComplete (603ms)
	LoadAllAssembliesAndSetupDomain (2647ms)
		LoadAssemblies (2246ms)
		AnalyzeDomain (725ms)
			TypeCache.Refresh (28ms)
				TypeCache.ScanAssembly (4ms)
			BuildScriptInfoCaches (682ms)
			ResolveRequiredComponents (9ms)
	FinalizeReload (2528ms)
		SetupLoadedEditorAssemblies (0ms)
			InitializePlatformSupportModulesInManaged (4ms)
			BeforeProcessingInitializeOnLoad (201ms)
			ProcessInitializeOnLoadAttributes (1347ms)
			ProcessInitializeOnLoadMethodAttributes (521ms)
			AfterProcessingInitializeOnLoad (29ms)
		AwakeInstancesAfterBackupRestoration (60ms)
Refreshing native plugins compatible for Editor in 12.44 ms, found 5 plugins.
Unloading 65 Unused Serialized files (Serialized files now loaded: 0)
Unloading 10538 unused Assets / (27.9 MB). Loaded Objects now: 11667.
Memory consumption went from 0.68 GB to 0.65 GB.
Total: 57.095400 ms (FindLiveObjects: 2.317100 ms CreateObjectMapping: 6.874800 ms MarkObjects: 22.979600 ms  DeleteObjects: 24.920900 ms)

Prepare: number of updated asset objects reloaded= 0
========================================================================
Received Prepare
AcceleratorClientConnectionCallback - disconnected - :0
Begin MonoManager ReloadAssembly
Symbol file LoadedFromMemory is not a mono symbol file
Symbol file LoadedFromMemory is not a mono symbol file
Refreshing native plugins compatible for Editor in 11.16 ms, found 5 plugins.
Native extension for WindowsStandalone target not found
Native extension for WebGL target not found
[Package Manager] Failed to launch server process. Reason: Unity was launched with the -noUpm command-line argument
[Package Manager] Unable to send message (not connected to server process).
[Package Manager] Cannot connect to Unity Package Manager local server
Refreshing native plugins compatible for Editor in 9.26 ms, found 5 plugins.
[Package Manager] Failed to launch server process. Reason: Unity was launched with the -noUpm command-line argument
[Package Manager] Unable to send message (not connected to server process).
[Package Manager] Cannot connect to Unity Package Manager local server
[Licensing::Client] Error: Code 404 while processing request (status: Found 0 entitlement groups and 0 free entitlements matching requested entitlement ids)
[Licensing::Client] Error: Code 404 while processing request (status: Found 0 entitlement groups and 0 free entitlements matching requested entitlement ids)
[Licensing::Client] Error: Code 404 while processing request (status: Found 0 entitlement groups and 0 free entitlements matching requested entitlement ids)
ScheduleIndexationOnStartup MainProcess:False IndexOnStartup:True
Mono: successfully reloaded assembly
- Finished resetting the current domain, in  2.894 seconds
Domain Reload Profiling: 5044ms
	BeginReloadAssembly (511ms)
		DisableScriptedObjects (17ms)
		CreateAndSetChildDomain (165ms)
	RebuildCommonClasses (15ms)
	RebuildNativeTypeToScriptingClass (27ms)
	initialDomainReloadingComplete (218ms)
	LoadAllAssembliesAndSetupDomain (1378ms)
		LoadAssemblies (1227ms)
		AnalyzeDomain (28ms)
			TypeCache.Refresh (13ms)
			ResolveRequiredComponents (8ms)
	FinalizeReload (2895ms)
		SetupLoadedEditorAssemblies (0ms)
			InitializePlatformSupportModulesInManaged (4ms)
			BeforeProcessingInitializeOnLoad (233ms)
			ProcessInitializeOnLoadAttributes (1665ms)
			ProcessInitializeOnLoadMethodAttributes (478ms)
			AfterProcessingInitializeOnLoad (26ms)
		AwakeInstancesAfterBackupRestoration (46ms)
Refreshing native plugins compatible for Editor in 9.51 ms, found 5 plugins.
Unloading 65 Unused Serialized files (Serialized files now loaded: 0)
Unloading 10538 unused Assets / (21.7 MB). Loaded Objects now: 11670.
Memory consumption went from 0.68 GB to 0.66 GB.
Total: 36.931600 ms (FindLiveObjects: 1.824200 ms CreateObjectMapping: 4.703900 ms MarkObjects: 19.575000 ms  DeleteObjects: 10.826600 ms)

Prepare: number of updated asset objects reloaded= 0
========================================================================
Received Prepare
AcceleratorClientConnectionCallback - disconnected - :0
Refreshing native plugins compatible for Editor in 8.62 ms, found 5 plugins.
Unloading 65 Unused Serialized files (Serialized files now loaded: 0)
Unloading 10515 unused Assets / (21.3 MB). Loaded Objects now: 11670.
Memory consumption went from 0.68 GB to 0.66 GB.
Total: 32.448900 ms (FindLiveObjects: 1.605900 ms CreateObjectMapping: 3.286200 ms MarkObjects: 19.784200 ms  DeleteObjects: 7.771000 ms)

Prepare: number of updated asset objects reloaded= 0
